num_rooms,num_bedrooms,num_bathrooms,square_feet,lot_size,year_built,garage_spaces,location,neighborhood_quality,has_pool,has_basement,crime_rate,distance_to_city_center,school_rating,price
7,3,2,2826,2518,2016,2,Urban,Poor,1,0,7.279786636909061,9.066735081705342,4.896707922991482,700519.5940765921
4,5,3,3747,17346,1960,1,Suburban,Good,1,0,6.695878354870686,8.284955621112923,2.2972209759045565,740786.6230261308
8,1,2,1395,3600,1992,3,Urban,Excellent,1,1,0.7274276918015178,23.359087671250492,8.40475013288611,664295.4102960402
5,5,3,2174,14237,1966,1,Urban,Average,1,1,7.475685097473135,19.904813566205178,9.379531277984801,713581.4442535297
7,3,2,3409,19579,1953,2,Urban,Good,0,1,0.5399283531583133,35.996556406008374,6.610943203247008,693795.4809984693
3,3,3,1430,4554,2012,1,Urban,Excellent,0,1,5.4338346271068465,4.405929800980726,4.092825776008587,645385.7391476145
7,1,3,4884,17193,2017,0,Urban,Good,0,1,2.6080268529414843,48.63616456329383,2.386146928369296,832001.2879743658
8,4,2,1223,16253,1990,1,Suburban,Average,0,1,5.881024374322591,1.6995721026057855,3.3864060673478344,588462.1890378672
5,2,4,3440,17194,1954,1,Urban,Poor,1,1,2.620670675449609,30.464524392471407,3.29869378766659,624484.5437360725
4,3,1,1589,2742,1981,2,Suburban,Good,0,1,9.849730116562052,28.56899719750203,6.5217509574721575,398798.2382391487
8,3,4,1435,2306,2019,0,Rural,Excellent,0,0,3.104184555438043,7.6010708126165625,9.50533718827244,620137.5556090787
8,4,2,2795,4849,1984,2,Urban,Average,0,1,2.427186750388215,8.39488315296296,1.4344469826218331,614342.238612428
3,4,4,655,13360,1971,1,Suburban,Poor,0,0,2.7918682562443062,39.84119690193671,1.009200696350032,277357.24475833814
6,5,3,1570,13768,2014,3,Rural,Excellent,0,1,8.96576384402036,44.490560462221474,6.40163749882893,541889.0397136238
5,5,1,2458,14032,1971,1,Rural,Excellent,0,1,6.365826098406754,14.867831328304709,3.556544158717437,538891.7494520878
2,2,2,3001,5195,1960,2,Rural,Excellent,0,1,7.309534133233557,22.460234234165853,8.924935081050613,486362.94385959435
8,2,2,4719,19939,1952,3,Suburban,Good,0,1,9.180924995842561,18.394757010879324,3.945252771152353,876005.5431552615
6,1,2,4330,19689,1958,2,Urban,Average,0,0,9.119606123601624,4.554803636345943,3.607638404760004,681432.25808363
2,5,1,1354,8619,2009,2,Urban,Excellent,0,0,7.392069007321488,33.98700805477466,3.4255955909646754,474325.70105729473
5,3,3,1139,10280,1963,0,Suburban,Good,1,1,1.9862660441248159,41.43445380547882,2.303675445414197,342799.84213601844
1,5,2,2738,3642,1967,3,Urban,Average,0,1,8.435299473543305,15.939088512169148,6.233774268493995,506335.1840987795
6,3,4,2102,10369,2022,1,Suburban,Average,0,0,2.0457225815687266,49.5186138879052,2.51392242100789,445389.24772261735
9,4,2,941,15296,1972,2,Urban,Good,1,1,7.431559152843335,4.716726306835392,4.821680438112618,638300.5149341308
1,5,2,1836,16438,2023,1,Rural,Good,0,1,6.859174634783295,33.42774497691153,5.1487484703008395,498564.2841202911
3,4,2,4200,16674,1996,0,Urban,Excellent,1,1,7.591299612903062,22.96317271177836,1.18442842190177,817058.4238681651
7,2,2,1448,5757,2018,0,Suburban,Average,1,0,5.331529950331019,22.883493154226137,1.1512655183902825,472683.098971542
4,2,3,3873,3994,1996,3,Suburban,Poor,0,1,6.390874560669704,23.424635185643474,5.681914198811463,653858.6566864451
9,1,4,959,16226,1979,0,Rural,Good,1,1,9.53366760353821,13.675406916269992,7.2643125900621905,515666.5001994196
3,5,3,892,2271,1974,0,Suburban,Average,1,1,1.0198750558004068,36.062578539279386,9.479282340523643,417222.2460025731
5,4,4,4438,2813,1977,1,Urban,Average,0,1,3.0953842750683838,36.35724977816632,2.6120735574125957,698742.6097705187
3,3,2,2287,19845,1974,0,Urban,Excellent,0,1,6.11745656085284,14.837458395185523,1.929329284924743,608931.2171871114
7,2,1,2757,9475,2023,0,Rural,Poor,1,1,9.640900760013578,41.930016582064056,1.4687911623443584,461476.2860338535
5,2,3,1638,5396,2007,2,Suburban,Excellent,1,0,0.9647887321493855,16.52540223886617,4.924374246216552,559554.8500542565
9,3,1,4308,10283,1990,0,Rural,Poor,0,0,0.23526672308556343,36.52956307534057,6.608326306023612,645893.97963168
7,4,3,2954,14318,1974,2,Urban,Poor,0,0,0.5669384887185769,6.928988608091255,8.564980210761377,729648.5206094581
2,4,2,1966,18200,1997,0,Rural,Good,1,0,0.5335328077473761,9.266380497383537,7.143803940638183,595377.7967559564
4,5,3,4174,1082,1959,0,Suburban,Average,0,1,9.07908041919627,16.473986580904306,2.875247101673716,616210.8766819986
9,5,2,1877,2920,1960,3,Rural,Average,0,1,7.2153665002589085,30.09981461572521,5.155933297566511,468528.2630433577
2,1,3,3097,8817,1970,3,Suburban,Average,1,1,6.77429259830082,32.630062788456264,9.193117116777898,541435.6861299301
9,2,2,641,12683,1994,2,Suburban,Poor,0,0,5.230502474415477,20.42145242640627,3.940669562296341,327908.42376983777
5,5,2,3159,12336,1956,0,Urban,Average,0,1,7.8217066435517975,4.814118502415187,5.488573285827384,645505.1672778744
2,4,4,1339,16596,2013,1,Urban,Good,1,0,1.564923447688292,19.30809795254349,9.627088011793271,666042.5919973901
4,3,2,4118,3093,2013,3,Urban,Poor,1,0,3.9254924859864895,34.74960828199843,7.612372050163279,763795.3463438243
7,4,4,4417,13905,1951,1,Suburban,Poor,0,0,4.905142465135792,33.87877759538548,7.729663470775228,683100.15575412
8,2,2,1095,9367,1991,3,Rural,Poor,0,1,1.1129908817904952,8.849624247066695,3.2710060397190484,381943.54042702256
3,4,1,2404,6285,2003,3,Suburban,Poor,0,0,4.2009419562817945,1.3814145431793907,4.732283064746153,555698.0470141489
1,1,2,780,11896,1965,0,Urban,Good,1,1,3.171852774833577,37.896099247509724,1.7410794678704953,294214.9092900821
4,2,1,923,5937,1967,3,Urban,Average,0,0,0.3654656364766918,6.212040152876942,6.4587328034548035,376404.48733956256
2,3,1,4865,17753,2008,1,Rural,Good,0,1,1.37598667326506,5.0351080542499895,1.9335714808824476,855195.7082271188
8,1,2,4749,19202,1965,3,Urban,Average,0,1,7.642727863443043,1.13235962487401,8.523186239853594,934952.9820642932
4,2,1,2250,19485,1955,2,Urban,Good,1,1,0.19019871595139812,22.197464971889435,8.33098408317997,614206.2694614411
2,3,4,2467,13977,2006,0,Urban,Excellent,0,1,9.343190457972648,25.659931144139907,5.8024459101007855,628303.9845532293
6,1,3,4588,19163,1996,0,Rural,Excellent,0,1,0.8733820781479018,32.24553826128094,2.2704942987732672,789319.1366245663
6,1,2,4678,8674,1997,2,Suburban,Excellent,0,1,7.9943885610925465,15.507128194916707,1.2302108487565135,816616.711162914
4,2,1,3446,18748,1991,2,Urban,Excellent,1,1,8.987179244025272,35.810811102952215,8.170378007883151,764174.0463729813
6,5,2,1949,4676,2009,2,Rural,Poor,0,0,9.411944492655968,9.297261012940137,6.401264348920842,454885.90180659556
2,1,4,2831,3426,1953,3,Urban,Poor,0,0,8.676095464724765,41.76751260240702,7.39836673073095,361614.0778906243
2,1,2,2720,3962,1951,0,Rural,Good,0,0,2.8826248938601777,29.020568115631832,3.734264131627308,239204.2641371069
4,3,2,4289,1859,2008,2,Urban,Good,1,1,3.337540442071385,29.61060134523037,5.58534464059523,815624.4187124277
8,4,1,3310,13048,1976,3,Rural,Excellent,0,1,4.271191529114659,11.278995275176298,7.724567534856853,796378.5737924576
7,2,4,2031,5138,1976,2,Urban,Average,0,1,1.4015739271769374,4.6313287157190235,5.163069774824196,631355.8534391951
9,2,3,3490,3424,2021,1,Suburban,Excellent,0,1,0.2325018261215664,23.7715153509529,6.412458004918578,717149.2410555753
8,5,3,4993,11409,1956,1,Urban,Good,1,1,8.692524926667536,31.16498564419559,8.10755435627166,928470.330150653
5,5,1,1643,5017,2012,0,Rural,Excellent,0,1,5.545745874942459,5.657276474422594,2.9369858073974098,565158.601517837
2,2,2,1433,11451,1995,3,Urban,Good,1,1,6.091142192360381,47.576189251880166,1.5933600042173408,388835.1391433269
5,5,1,1960,11278,2012,1,Suburban,Excellent,1,0,9.270614863429776,49.040303651407534,5.7864115972972465,545048.6672598167
8,3,1,3223,11996,1961,1,Urban,Average,0,1,6.65455057935502,27.727378074232107,1.5591319364808616,608529.6710496607
9,2,1,3012,2134,1962,3,Rural,Excellent,0,0,6.911626508354736,47.5533886083969,7.899015649300779,468318.9243301096
9,5,2,785,6119,1992,2,Rural,Average,0,1,7.871816797883055,9.792816641461801,7.472903028704097,509099.9403829913
1,2,4,764,6694,1966,3,Suburban,Average,0,0,1.1723210140754639,2.24561357379672,8.935414043187674,333519.29506023345
9,4,1,2867,5164,2012,2,Rural,Good,0,1,3.608019910605777,2.9310672292291065,6.756058882305645,785031.5749662699
7,1,2,3947,19730,1985,1,Urban,Average,0,1,9.682397197756629,29.788111491912176,1.6047781367713638,674418.8112757878
9,2,4,2262,6039,1957,1,Urban,Poor,1,0,9.23007148022506,4.020452288404353,3.2783691294065567,523060.4201529061
8,1,1,3548,15631,2018,1,Urban,Poor,0,0,8.841912210138746,47.96873473438027,8.271386601064474,661406.7500422604
1,5,3,2881,11442,1985,0,Rural,Poor,1,1,4.526364218286335,7.95472732721053,2.5041917558222897,523653.28236606857
8,1,4,2769,9252,1977,0,Urban,Good,0,1,8.57335760633219,15.931417496595953,7.286324210333986,634910.3858394432
8,2,1,540,18721,1996,0,Urban,Poor,0,1,0.49347486063819845,41.303372297919076,8.022333978284301,402103.7628480106
3,4,4,567,18568,1979,3,Urban,Good,1,1,1.4936890683286033,11.718275832100561,3.97100618069717,584109.2984427111
1,5,4,1487,2551,1972,1,Suburban,Good,0,0,4.145537307855701,12.905454464273959,3.9006772606261766,416435.2808404954
8,2,4,4508,13625,1965,1,Rural,Poor,1,1,4.839086746154443,32.47313883375989,6.020224130882322,710422.3931203195
3,5,4,3698,2629,1963,3,Rural,Average,0,1,2.6424364636733597,14.528218335973852,8.751576994792874,621178.9732911297
3,3,4,3024,18910,2023,0,Rural,Excellent,0,1,3.5712019417693965,11.654934066377313,3.015155817221325,733682.7617382528
1,1,4,1585,2361,2020,3,Suburban,Good,1,0,1.636133249243434,13.454708000977217,9.471323764381625,602142.7783093044
5,3,1,2979,5370,2001,0,Rural,Poor,0,1,4.896448976841913,25.041727467695615,6.392068163380974,443169.69113829406
7,2,3,2193,6283,1986,1,Suburban,Good,0,1,7.940494495749934,48.33889376384263,9.929138242170485,539762.9751675846
9,4,2,2815,8610,1978,2,Suburban,Average,1,1,6.616990332676444,41.779659136500186,1.8065235159579038,593054.0286515368
7,5,4,1278,11558,2016,0,Rural,Average,0,1,1.0868445511817573,14.94590296344868,2.1390592285608316,525526.395006639
9,1,2,2085,15924,1964,1,Urban,Poor,1,1,4.880940217933193,18.80528721640679,8.439776233421345,527756.0575941637
8,5,1,1992,15839,1996,1,Urban,Good,1,1,6.979487363969452,23.761100274699793,8.782803060434643,680356.1193159878
2,2,4,1160,12949,1995,2,Rural,Excellent,1,0,5.3036540125738725,48.96755270383253,5.0091281953384055,374720.5803925433
1,5,3,1848,11626,2001,1,Rural,Excellent,0,1,3.922839209390134,9.447132948450069,7.426640585281015,585076.20781722
7,1,2,1799,2993,1968,1,Suburban,Good,0,1,6.222925068625943,18.51667207110226,8.808015587009846,453196.9403735336
7,2,4,4440,1869,1970,0,Rural,Good,1,0,9.686700266349753,36.74187860515303,1.388150093969458,656365.3936347084
8,5,1,2486,2014,2013,0,Suburban,Good,0,0,0.9581300185631192,48.23324297917822,6.165553806939327,570631.8719132716
5,4,3,2544,11103,1986,2,Rural,Poor,0,1,3.906260446868131,8.628085425447647,8.681325998738405,587089.3859968865
3,2,2,4016,17986,1976,2,Urban,Average,0,0,4.071992471930495,12.141617755522942,4.583394501262974,736917.671086083
8,2,2,1558,13013,2004,1,Urban,Excellent,0,1,5.7739034315790265,12.059039045131081,3.7214524550118417,648109.6031489795
6,4,4,1476,1690,1978,0,Rural,Poor,1,1,1.5302242728003599,2.025669445111602,8.161360165853537,555604.021440297
3,3,3,1227,17873,1969,2,Suburban,Good,1,0,1.7746638684059908,30.601665624066527,4.0220792515255255,426400.72899695375
1,1,3,3027,11748,1974,2,Urban,Good,0,0,2.8607602461185677,33.8644506331488,1.028568683660529,452337.67318351706
3,3,3,3636,9024,2019,3,Suburban,Average,0,1,9.55914173225251,30.523768616137414,9.63615328866159,641432.2435119723
5,5,3,842,17678,2012,2,Rural,Good,1,1,7.343744726496717,4.494826481227903,6.329109127159167,618857.3322167537
3,4,1,1947,6488,1985,1,Rural,Poor,0,0,6.620316083898117,4.392276161535953,8.37566126839064,357827.63554231403
1,3,3,2879,12035,1951,0,Urban,Poor,1,1,8.17140729706868,11.308941170212076,8.42771406108443,516248.7585180053
5,2,2,4159,19257,1971,2,Rural,Average,0,1,1.2844889244777626,15.224431269246816,1.5976937833545954,702900.3943287622
7,5,2,1026,13855,1965,3,Urban,Poor,0,1,8.594734869040279,39.54063913959232,2.5377417944781833,317918.2938516442
7,5,1,2396,3817,1967,0,Suburban,Excellent,0,1,5.952378811736165,8.810123021697134,3.8000861268368267,595000.180065842
9,3,2,2573,5458,2018,2,Urban,Poor,1,1,3.359936784514765,3.1605186034790744,3.8862935653719055,759902.1274818445
3,3,2,905,6307,2003,3,Urban,Poor,0,1,8.160394004899446,20.3053878779397,6.929075059128216,393513.40126465826
7,4,3,2073,9933,1979,2,Suburban,Poor,0,0,8.027619698142754,21.403216336954095,6.608196286774163,530005.8968549964
1,1,2,4240,19425,1994,0,Urban,Excellent,0,1,8.458628731350103,23.094459571258756,5.451308002088323,729388.2025378533
4,3,1,4774,18063,1968,0,Urban,Good,1,1,1.1640238220687518,41.51827365732146,2.9013735907789115,828099.5032568737
4,3,3,4727,11659,1983,0,Rural,Poor,1,0,9.693918837507802,5.802265328676144,4.437851227212731,659815.2679597228
5,2,4,2346,6738,1962,1,Suburban,Average,0,1,9.596665276359413,35.49316203867614,5.892345716186526,425488.18434366066
7,5,3,1978,6668,1992,2,Urban,Excellent,0,1,3.581121758562398,17.55933298121925,5.211868294935478,755542.5399891475
7,1,1,2895,15427,2011,1,Suburban,Average,0,1,0.6682812419370773,16.18902668533803,2.1456327978557055,509270.07357433916
4,2,3,1271,8697,1971,0,Suburban,Poor,0,1,1.6788861379931692,46.69461317821302,6.845594441517314,263809.6975536312
7,4,3,1078,17446,2001,3,Urban,Average,0,0,9.928379946192523,13.17495769642036,1.657465991295945,524621.0357626613
3,4,1,3401,8829,2001,2,Rural,Poor,0,1,5.6344993022849135,32.48405993162895,4.403752147729723,517005.7961516897
6,3,3,693,11751,1985,1,Suburban,Excellent,0,1,3.5726517702722598,14.481260111428512,7.390264129077062,565216.8114766727
2,3,1,2507,14450,2022,2,Urban,Average,0,0,2.8891449115618877,25.85005024937887,1.1802118106773585,525486.8931896155
9,4,1,1685,8352,1968,3,Suburban,Average,0,1,2.5773474357563657,39.52835173721762,6.129845371407845,419291.7146754434
5,3,4,2894,14516,1987,1,Rural,Poor,1,1,6.644886122894276,44.20440365229677,4.010688767289675,525601.5490497309
6,1,2,3498,9326,2019,0,Rural,Poor,0,0,4.199684436881663,42.09616477445746,1.0794865908046103,497508.37945783645
4,3,2,2292,4644,2006,1,Rural,Good,0,1,9.654452886692429,29.52685607108735,2.7134494395487465,456033.80936281034
7,5,3,1610,9003,1969,2,Urban,Poor,0,0,6.841591876147161,13.191999451572885,9.46851573943589,532008.8280849643
9,3,3,4505,4278,1958,2,Urban,Poor,0,0,7.922525464579122,33.40043577983142,5.690340149545814,661721.8564496116
7,2,4,2761,8296,1981,2,Rural,Good,0,0,2.9344880703457674,35.78534724320079,9.975044841662186,510143.9667825292
1,1,4,4236,4074,1953,2,Urban,Poor,1,0,0.8010722269951722,1.5239075155615693,5.723350753282671,687755.5982031171
1,2,4,4293,14261,1999,0,Rural,Poor,0,1,4.883350145444991,22.521315035661853,5.895427710612414,653947.9433394463
9,2,1,2436,12173,1954,1,Urban,Good,0,0,3.1526696499968105,42.319840098266454,4.526587116395671,462184.821341784
9,5,4,4857,9312,1969,0,Rural,Excellent,0,1,2.0288108184291573,24.989792215909322,3.7903637685827287,870527.8834050007
4,1,4,1229,2637,1986,0,Suburban,Excellent,1,0,9.526894886700605,16.257396666002734,3.2639099781965033,380342.74476524635
9,1,3,4878,14652,1971,0,Rural,Poor,0,1,4.445442261276883,43.71809078020847,4.090785545176065,669448.5048980777
3,1,4,3951,6103,2007,2,Rural,Poor,0,1,1.7553388345673686,8.63815417896048,5.138659728103889,648057.1326942815
7,1,1,4957,18028,2017,2,Urban,Good,0,1,1.9945200202845799,11.115816388393819,2.7279275520771105,962864.2311303522
6,1,1,2640,3032,1993,2,Urban,Good,0,0,2.8142903272212942,34.68124597987053,3.023875826251263,514113.7405246099
8,5,3,2144,3761,1983,1,Urban,Excellent,1,1,9.99316951921523,18.269361134802175,3.443902918015952,709791.5139465287
9,3,4,3300,16195,1991,3,Urban,Average,1,0,2.687434890190777,35.93782495095517,5.043339027377552,813969.496958212
5,2,4,641,19452,1958,2,Urban,Poor,0,1,3.2947300277387517,8.727477441715102,6.875320301328188,437951.59912785137
1,1,1,1955,17625,1956,1,Urban,Average,0,1,6.596687998560174,13.36118539044145,8.705315352576585,425114.0767101685
3,3,4,2596,3668,2017,2,Suburban,Average,1,1,2.94667415033888,8.675721539818042,3.5841865346842896,678482.0925372535
8,3,4,1825,15638,1968,2,Rural,Good,0,1,2.1658844680863365,47.69260536461197,2.653555063072936,475598.67485078616
6,2,4,1713,16954,1980,0,Rural,Poor,0,0,1.594785494629491,20.864794081695283,4.409627183654995,419823.92050242703
8,5,2,1659,18186,1984,0,Rural,Poor,1,1,3.133699823627644,17.523775585601072,9.049447687346701,550244.5168014506
9,4,3,4999,13356,2006,0,Suburban,Good,1,1,1.0680977393914475,1.6959056523674705,1.0887465550342552,1040045.9392476574
4,4,2,840,1195,2010,1,Rural,Average,0,1,0.19627939828368113,8.517461391133484,7.100817544519709,404147.0112862789
1,3,3,4328,3187,1980,3,Suburban,Good,0,1,8.048370556373426,21.635656955882475,5.294440417704234,686496.2473869857
1,2,1,2468,12707,2002,3,Suburban,Excellent,0,0,1.38757047472162,4.356636836022809,2.4494159346461206,642845.2654802797
4,4,4,1203,3330,1981,1,Suburban,Poor,1,0,7.76200872965427,26.02622714580463,3.8891937364702,324778.13385707734
7,3,3,4913,4606,2015,2,Rural,Excellent,0,1,7.977449365076731,23.29575648475794,3.024550394893305,890111.4371408946
2,5,2,2929,1060,2008,1,Suburban,Good,0,1,5.383816068029138,38.59123887687325,8.9004895110111,565642.7237489105
3,4,4,2300,15387,1959,2,Rural,Poor,0,1,3.1037227635463847,33.330332368615515,5.336860455504912,466235.7777898005
1,3,1,1355,4927,1951,1,Rural,Excellent,0,1,1.4588770101613857,22.851417960708115,6.067848500852435,359199.4670277968
5,3,3,2312,7296,2015,1,Urban,Excellent,0,0,7.370683016142781,12.0083743051485,6.343188574033186,636106.5597872463
1,1,3,3366,14622,2009,1,Urban,Average,0,1,6.017855989958042,36.61631473487251,6.756554121421205,595034.2018457408
8,5,3,4142,15125,1966,3,Suburban,Poor,0,1,6.557980030370706,35.685243069256,5.46000121338337,657152.039886919
1,1,4,682,3591,1965,0,Suburban,Excellent,0,1,0.09660420755285908,8.511511865253983,1.1608617775268424,257729.25684991537
1,2,2,3612,13127,1965,1,Rural,Excellent,1,1,9.275894986921166,45.82283973984473,4.012504182231867,471261.28209610377
2,1,2,4992,16748,1995,3,Suburban,Average,0,0,0.6722389725910369,4.155850684737116,2.654859166488921,811072.1056590835
2,1,3,2017,7121,1988,0,Suburban,Excellent,1,0,3.6743907925486567,3.6968477357430936,7.121285586205092,579922.2968494813
6,4,1,1856,2200,1980,0,Rural,Excellent,1,1,4.033089380020486,10.180170465458923,1.51034186233042,542014.1102419957
7,3,1,2674,16721,1950,1,Suburban,Excellent,0,0,0.02354168973450897,45.56357910438979,6.074230520004798,548027.893949444
5,5,2,4129,12087,1960,2,Suburban,Average,0,0,4.9759222004144625,26.479908077809167,2.8956855004687085,653733.0934122371
1,1,1,4128,7972,1953,2,Rural,Excellent,1,1,7.530561855164989,39.6091051129721,9.53961254620355,570852.4872952276
1,5,2,4596,1136,2020,2,Rural,Excellent,0,0,8.234453844616574,12.16431621574853,4.01986847967882,762847.3208067407
3,1,3,3739,18413,1975,1,Urban,Poor,0,1,8.795175963125786,25.020876758033303,3.926990722371708,621930.347650588
2,2,2,4191,16346,1999,2,Rural,Poor,0,1,4.882311494470541,18.55618371757023,9.310462011916513,675601.9241409899
5,1,2,518,19978,1961,3,Urban,Average,0,1,6.310055543391208,41.56360174624344,4.756131282737272,300253.3367538698
6,4,3,3903,1661,2014,3,Suburban,Good,1,1,0.8044019358320227,2.1076175286021046,9.66576100767168,895677.665775443
7,3,1,3504,3472,1996,3,Rural,Poor,1,1,4.885501860574681,12.948293768339163,1.2175331692015314,591975.8023199489
4,2,2,1632,1086,2002,3,Rural,Average,1,1,1.5566093911686354,8.47613699081656,3.757101176819317,502882.0790956197
7,1,2,3839,11704,2020,0,Rural,Excellent,0,1,3.702734745048989,43.1002628973569,6.995736642397881,693518.3827188718
8,5,3,3811,7219,1951,3,Suburban,Excellent,0,0,3.2997600755173466,23.90964863499452,9.017712680748748,743248.2296284474
1,2,1,3872,17322,1973,2,Urban,Average,0,1,4.241170366642667,20.806782150767592,3.307650337074555,640883.7743555214
6,2,2,1487,15749,1953,1,Suburban,Excellent,0,1,5.720649813561584,23.02465534295291,9.374298327673014,490802.2012830703
8,1,3,3821,7968,1968,2,Suburban,Excellent,0,1,9.029737704159329,48.62430298441443,6.3470931984926935,625486.9729744942
5,2,2,673,14596,1975,3,Rural,Good,0,0,3.9509014671615783,42.66310232246028,8.209074188781244,332482.1082692939
4,5,4,4241,2700,1989,0,Urban,Excellent,0,1,9.811500645158391,35.61206982066507,4.574865738762075,810428.236459772
2,2,3,3552,3700,1999,3,Suburban,Poor,0,0,7.592690200031516,15.233469001939476,2.90962344310186,527678.0135503866
6,5,1,1226,12821,1992,1,Rural,Excellent,0,1,5.1196956574159485,9.093476976403942,9.201118739029239,595106.2998405213
6,1,1,4260,19031,2016,2,Suburban,Average,0,1,6.4438241067483215,46.15024782219822,9.398222815655968,664509.8041577548
1,3,1,2375,6520,1961,1,Suburban,Good,0,0,1.0312194696081254,21.73070061702766,5.478176297387219,435377.9821668925
9,2,1,4533,12510,2016,1,Rural,Excellent,0,1,8.446770097823412,14.659034173962828,1.0584551439933085,804509.0928788597
6,3,2,1489,4687,1976,1,Rural,Average,0,0,5.8277509760890185,24.075120494464137,1.9880465830336402,245310.99823792675
3,5,2,4244,17980,2003,2,Urban,Poor,1,1,9.860814127293922,45.974523718197254,6.1572516420854955,715772.419910376
4,2,1,3186,9837,2015,3,Suburban,Excellent,1,0,6.367923150090962,19.966298356173365,1.213990320716976,635881.8550534016
4,4,1,919,15955,1998,1,Rural,Good,1,1,8.342774716830588,28.569408865156873,4.572207315880258,451240.32457443175
3,3,1,1093,12281,1965,2,Rural,Excellent,0,0,7.999629800524445,40.34534875431977,3.7303295101481133,267447.78209414904
3,2,2,2274,14917,1951,0,Urban,Average,0,0,3.4611569031680056,21.92949402137117,7.429134478619842,410348.01997072145
3,3,1,2959,5757,2009,2,Urban,Good,0,1,2.6035101460797843,12.443548294392047,1.5002080565314175,678985.4399408224
4,2,1,1435,14045,2003,0,Rural,Excellent,1,0,4.310630898480785,49.73176167076864,5.398581420795587,374315.7689853798
7,1,4,4308,9912,1979,2,Urban,Poor,0,1,4.677741030644283,47.87197201515582,6.212028428880448,683761.0894770134
4,3,4,831,5733,1987,3,Rural,Good,1,0,2.4084461723470723,42.33047928715019,6.555619684473559,354707.0179456658
9,4,1,3949,8081,1977,1,Suburban,Poor,0,1,8.94703275477621,34.7303200899102,4.646419048152468,610951.3344755895
1,4,3,3202,9690,1974,3,Urban,Average,1,1,5.430053144383454,15.448415775415151,3.7393100508659587,642823.0601257356
8,5,1,4506,2673,1959,2,Suburban,Excellent,1,1,9.784659477614161,45.75723397003757,7.142437303634339,744114.9702668594
7,2,4,4368,15318,2009,1,Suburban,Poor,0,1,8.10207760268217,14.50227683594021,8.628121432922455,853720.638370727
2,3,3,4700,12171,1991,0,Suburban,Average,0,1,5.56149155531554,40.23966523916479,7.242558740045909,709412.3854291326
8,5,3,701,14545,1989,2,Rural,Excellent,0,0,9.470932378662148,45.99465022912401,9.388921289114995,428174.0342888189
1,3,1,2997,12803,1991,1,Suburban,Average,0,0,5.053699402802118,30.547188181065664,7.455371728221344,439681.7049405069
9,2,4,2342,3294,1996,0,Suburban,Poor,0,1,8.872194060061517,40.349754676667764,7.881568606122565,553449.7258660066
9,4,4,2366,4630,1986,0,Suburban,Average,0,1,3.587866364146097,39.793059860885585,2.5111287694187996,524621.4184989004
2,1,3,2496,16093,1971,3,Rural,Good,0,1,3.7926374102068996,10.464729804928014,4.7758568007404065,531278.7028223269
7,4,1,1409,17530,2006,2,Suburban,Excellent,0,0,4.187125522879602,33.72829920620815,5.3654979786036865,522513.5646434295
3,5,2,4805,15453,1976,0,Suburban,Average,0,0,5.470790202973029,5.579928908317734,3.3066384606514685,801581.3764149263
7,1,2,3689,13174,1990,1,Urban,Poor,0,0,5.539367799286252,25.884657013736586,5.756858743206591,671510.9178027698
9,5,4,1270,4453,1983,0,Rural,Excellent,0,1,4.969025227554071,8.949541858888297,3.6171274979966275,510267.2225403283
4,2,2,3655,5507,1981,0,Suburban,Good,0,1,3.0669497260958427,21.40112544102515,7.187518835239744,627925.4568996008
1,1,4,3001,11602,2015,3,Urban,Excellent,1,0,9.272792583260403,41.816121660223445,5.2325962903285825,657745.3333070673
2,5,4,3214,6628,1961,3,Rural,Good,0,1,5.88997511251905,49.37122414188001,5.12926258842132,571663.9572155406
1,2,4,4085,9328,1989,1,Rural,Excellent,1,1,4.0833147697540335,16.58003175132127,9.852782779295305,836114.0073454654
5,4,2,2128,16534,2022,3,Rural,Average,0,1,6.515257837828746,27.065829240375653,4.532003636883134,527428.8997657193
5,2,4,886,4552,2022,0,Rural,Average,0,0,7.681987910519954,26.05360319415394,4.260658893306115,290032.956624909
7,3,3,3921,17402,1959,0,Rural,Poor,0,1,9.607673601400148,47.76567398172223,3.8674393415438897,480924.30432476575
9,2,1,4508,3242,1997,3,Rural,Good,0,1,5.000496131053151,24.450602889205904,9.052742988782184,797227.9458929017
9,2,1,4593,15665,1969,0,Suburban,Poor,0,1,1.1298641184040803,35.25620406458519,5.470514434883604,740137.4491162249
3,3,4,4863,6097,1988,0,Suburban,Average,0,1,4.413250356351048,46.16767242231778,6.4001302973257195,685691.9943064068
3,5,1,2966,9640,2009,1,Suburban,Good,0,0,4.794915908920179,19.295549417305164,2.627366311021555,623992.6897847909
3,5,2,2782,2948,2015,3,Suburban,Poor,0,0,8.970970841074882,45.203989674023994,5.868481240044342,448491.7655626141
4,2,2,2356,6618,2014,0,Urban,Poor,0,1,3.954059676944901,45.95535487265966,3.4718337358163947,449702.53782861173
8,3,1,2498,5236,2000,3,Suburban,Poor,1,0,9.533709406222513,46.6024626943894,7.575732291365897,480952.38819621125
6,3,2,1736,2920,1985,1,Rural,Poor,0,1,4.856467758066205,14.251863088099894,8.49275513913144,359881.3271185016
8,4,1,4644,12169,1973,3,Suburban,Poor,0,1,9.7380672047795,20.617424119227966,7.433296229181498,779094.8827259241
1,5,1,1650,5188,1976,0,Suburban,Good,1,1,0.09190122809831232,43.64939950305939,7.572197496432316,416814.30267344037
8,1,1,4818,13207,1951,3,Rural,Poor,0,0,8.989165594315404,18.59892938974052,5.6122723370756535,577074.6362602639
4,5,4,1931,1238,1980,0,Suburban,Good,1,0,9.311893314914073,30.412398613741747,7.409062507007217,544127.3973933822
1,5,1,2319,1204,2006,0,Suburban,Poor,0,1,9.610599148294481,6.7846708557425455,4.804182419573443,421952.8313640361
8,4,4,2824,11799,2015,0,Suburban,Average,0,0,0.14063457640440238,3.7574744174507977,6.863402381766517,796599.6623529228
4,1,1,1630,6552,1978,1,Urban,Average,1,1,1.7252913571375867,21.187705485116457,3.331352891084632,417344.8041711348
6,4,1,3158,5927,1964,3,Suburban,Poor,0,1,6.541107385901429,29.366910097043156,1.6278131108080913,527958.5542315556
8,1,1,4000,12164,1961,1,Rural,Excellent,1,1,0.2644721904337203,20.242256554588128,4.7212593770977165,733413.3069889917
4,2,2,874,5390,1977,3,Rural,Average,0,1,0.6454538718032423,29.309052737881256,5.156003402024409,222204.75698522775
3,1,4,2620,16641,1973,1,Suburban,Good,0,0,2.2185779481974848,26.239134432417465,3.30766442369821,533156.0857779187
9,4,4,4520,7160,1970,2,Suburban,Poor,1,0,5.129273289751403,34.59965423501772,7.549385665665139,827936.0758022029
3,5,1,2521,16810,1959,0,Suburban,Good,0,1,5.463566567075407,32.8270891222041,1.6619543107865127,453818.192356423
9,1,1,4205,6126,1967,0,Rural,Excellent,1,1,0.35226861670710846,21.788039457122423,3.004734919412697,747408.9621899723
2,1,2,3759,1816,1963,1,Rural,Poor,0,1,1.7119688353074962,21.8247667805733,7.737082466082642,452725.4633618671
2,3,2,3935,14414,1983,2,Urban,Average,0,1,5.002059676613206,7.8981386605993675,4.934118463660111,722856.7546816514
2,5,2,2389,1192,2007,0,Urban,Good,0,1,5.943466803224618,26.1486900327265,7.347552616353812,602699.828145189
6,2,4,2323,19160,1971,3,Urban,Average,1,0,1.4925329478972915,29.77177727864914,6.107372900052367,618179.9069444154
3,4,4,1974,4645,2019,1,Rural,Average,0,0,3.9944257053502366,24.347980470337486,9.556414749976263,504035.10420566
9,2,4,2742,13816,1985,0,Urban,Poor,0,1,9.044970350804354,16.95965941926295,6.380162494505496,654938.171742367
4,5,1,3743,7314,1994,0,Suburban,Good,1,0,9.989003877591259,36.36077866833506,1.1338207691096773,615545.8918706771
1,1,4,3634,19172,1985,1,Suburban,Excellent,1,1,9.8722724037631,4.658420587615979,4.175896154539005,747068.3427040325
4,1,3,2570,8374,1971,1,Rural,Average,0,1,8.817928357765854,45.80757811794832,2.287546139842369,367446.14957512525
1,5,3,859,4700,2010,3,Urban,Poor,0,1,3.952654278619958,2.011528537743871,9.321703098379329,553043.1277653666
5,1,2,2541,11655,2005,3,Suburban,Poor,0,1,6.868877177827094,48.155156538475616,1.9361120885657228,447766.41796645115
4,1,4,1641,16129,1982,0,Rural,Excellent,0,0,4.171756355564145,23.65542444579846,4.489359968179787,479831.213879558
8,1,3,2135,10359,1994,0,Urban,Poor,0,0,6.488784997973786,21.220827256173518,3.0348927426402295,479530.5816148539
8,4,2,4500,4893,1985,1,Suburban,Average,0,1,3.1012303849851373,13.565756855696218,8.620497913570599,816086.8517736393
7,4,4,2443,7811,1969,0,Urban,Poor,0,1,6.065960513567217,1.4934856067818751,3.777098478300253,573090.4551721883
3,3,1,3861,10288,1967,0,Rural,Good,1,1,5.24234738056297,14.464722956668188,9.927041348283804,655247.4773748716
1,2,3,3480,1504,1987,1,Urban,Good,1,1,0.25455785547386756,6.360596347556363,1.3475494505102579,662525.1158749236
1,5,1,506,10813,2016,0,Rural,Average,0,0,7.909122008423676,33.33122129197634,2.154490952163093,183518.4892565822
3,5,4,3767,15671,1972,0,Urban,Good,0,1,0.1288593441291046,16.634673643715587,3.021748987861982,799974.9430350988
6,5,3,2091,11738,1965,2,Suburban,Excellent,0,1,2.9386278631104847,38.591787091779416,8.299954361801435,631141.8812798631
7,3,4,3764,12186,2008,3,Rural,Poor,0,0,0.06918141388548367,11.13889317995973,8.906654881576141,812411.2576769681
6,4,1,3106,7773,2018,1,Rural,Average,1,1,3.7682521188190297,45.11150801417337,1.6430624254848012,541288.4854103955
6,3,3,3719,4816,2017,2,Rural,Excellent,0,1,0.6409736763597517,26.626094240185797,1.2921412758604878,767907.8586686179
6,5,1,3773,1717,1970,3,Urban,Poor,0,1,9.135974558644099,6.610803626980089,7.701011713941214,732296.5331597803
3,2,4,1413,12676,2019,3,Urban,Excellent,0,0,4.162636158677057,20.64141654702047,2.2001680607825214,574916.8601951532
6,1,4,2511,5434,1961,3,Suburban,Average,0,1,4.600362790895456,11.13126567941832,2.1969872836717528,537382.788103908
8,4,1,1942,18042,1965,2,Rural,Average,0,0,3.50500385854764,10.78458588224078,1.2012988104498634,494415.6213471446
2,4,3,3554,6057,1963,2,Rural,Excellent,0,0,6.278786480475644,25.812117144958236,1.4482708982507968,496503.1550733644
5,3,1,4046,5994,2010,3,Urban,Poor,0,1,7.846237085015855,33.922708766182254,3.3730791273594023,727307.4068874853
1,4,4,4721,5234,2020,0,Urban,Good,0,1,6.484985963059289,45.66929206966798,1.5850494046972567,729048.1622887789
1,5,1,3428,4764,1995,0,Suburban,Good,1,1,7.484589112767324,25.605938527419017,4.31991182493348,650661.1318881399
5,5,4,2329,12181,1981,2,Suburban,Excellent,1,0,9.060676898457512,48.32609997785818,8.494975281046141,654119.7778344647
3,3,1,1075,5637,1964,2,Urban,Average,0,0,8.636829851397573,47.14010775159507,3.9368823158943336,152855.22896708234
4,5,3,1429,3104,1993,2,Rural,Poor,0,1,6.743843943009421,43.388063969233656,7.550507463214345,336310.03261814796
3,2,3,4259,10447,1966,3,Suburban,Poor,0,0,2.1542332494152414,25.49888598315851,1.845189683479271,601896.1825874586
1,3,1,4199,11674,1990,0,Urban,Average,0,0,6.380651481908869,7.904293240711193,6.934376686775436,646090.4771229845
1,2,1,1963,19991,2003,2,Urban,Good,0,0,5.0657701264477035,11.677319020953862,3.850724649316915,544688.4742948246
5,1,3,3775,9385,1993,2,Rural,Poor,0,1,7.175020117794096,32.735830132886804,7.747775908273343,593104.8079096248
6,2,4,1554,12999,1954,1,Urban,Excellent,0,0,8.330987167445219,21.66599403392561,2.2262681265074367,497269.4450666697
3,1,3,2400,4719,1976,3,Urban,Good,0,1,7.42978775689231,8.193279955945824,9.080950399880336,571601.6338182045
9,1,4,1957,3581,1992,1,Suburban,Excellent,0,0,8.46714608791324,24.47070274832621,3.1831948260814293,564653.7964013712
5,2,1,1899,19949,1980,0,Urban,Good,0,0,0.6480250696768283,1.8540967296002502,4.178240139530589,618434.1673295997
8,3,1,3915,3763,1966,1,Urban,Average,1,1,0.32588418199226493,36.96087317408007,9.551626397362375,735452.8096649694
1,5,4,942,6991,2003,1,Suburban,Excellent,0,0,2.5924206713189433,4.605483429994852,6.20634123757773,509258.63295602927
5,5,1,4150,11531,2011,1,Rural,Excellent,0,1,9.007654180245197,31.82656737569383,4.291943670667198,720497.0216760691
3,1,4,1678,12064,1981,3,Rural,Average,0,0,8.2383559173299,39.85750507365437,9.546419323302684,342053.4296222823
1,1,2,4958,12312,1989,0,Suburban,Excellent,1,1,6.830445704975163,7.49954984824431,3.961696752010288,877338.0730781786
4,3,3,1757,5780,1962,1,Suburban,Good,1,0,7.010579087722762,26.413295842634614,1.853836414076618,392723.3283727796
5,4,2,4134,5177,1984,3,Rural,Poor,1,0,7.269437987889543,39.17430820361401,9.97163999073478,606415.5500633519
7,2,4,2341,16169,1954,0,Rural,Poor,0,1,9.426600977842622,13.771039283093069,3.4106042850302245,455531.42809702933
1,1,3,2809,7476,2022,2,Rural,Average,0,1,8.3235896115525,8.982913057079337,8.661320638296466,563239.2527628889
3,5,4,1410,19988,1978,1,Rural,Good,1,0,6.237669966400205,17.504136437405386,2.4898671534077854,519635.3276990031
2,3,3,4840,3382,2019,0,Rural,Excellent,0,1,6.660497198218834,28.180259652582475,7.582185745996402,771965.8608900331
9,2,3,4509,17915,1974,1,Suburban,Excellent,0,1,2.145265217990608,29.18870014788275,5.720044550250268,867847.3935252829
6,3,3,2669,13508,1971,2,Urban,Poor,1,1,6.576615063311162,7.4129403394266635,9.828159024611166,694043.5059518596
3,2,3,2672,1634,2015,0,Rural,Excellent,0,1,4.252543334060401,23.42087353602461,5.975473204831595,577623.5220448119
8,2,4,623,12996,1994,3,Rural,Poor,0,0,1.53808908735138,14.145827581434904,1.2251363670176871,354771.29234214657
8,1,3,3658,15162,2018,0,Urban,Average,0,1,8.065964164273277,42.259186685182584,6.434901906616791,735754.5652651549
2,3,3,1285,17386,2021,3,Urban,Excellent,0,0,5.107368527033425,16.365181471137507,2.3078481070296344,574619.2491793984
6,3,2,2916,15005,1950,0,Urban,Good,0,0,9.77447616647732,42.096521702159116,8.186868237538786,529883.0470204881
7,5,1,1296,9397,1993,3,Urban,Excellent,0,1,2.823976751200504,21.999666017487815,8.709113768409091,674252.4634482895
2,5,1,4672,13327,1988,2,Urban,Poor,1,1,4.811894421927716,36.60270252549621,5.338841669152429,782624.4421553565
2,1,2,4654,15394,2003,2,Urban,Average,0,1,4.485474592141992,25.99295119866304,8.048993113470686,811867.0217538517
1,1,2,2436,3890,1978,2,Suburban,Poor,1,1,1.2165874291014616,31.47616858241785,2.3059966193344463,359542.835298039
8,4,4,2656,11858,2003,0,Urban,Excellent,0,1,4.266891635519487,20.372469032207775,5.428703678820814,826647.0281438961
1,5,4,4307,9026,1965,2,Urban,Poor,0,0,2.8826590296450396,38.64213162256705,4.5454983822152615,631854.6564270252
9,2,4,1801,4306,1969,1,Suburban,Poor,1,1,1.6116015089556746,21.834279795109257,6.501856483477733,494791.9895350075
6,3,2,4663,1897,1995,2,Urban,Average,1,0,2.828734284521031,23.415620682705274,1.4002946992284397,727385.863482274
7,1,2,3640,10277,2016,3,Rural,Good,0,1,2.340184395751256,26.366254743316905,7.769105544237647,686943.3542909949
7,3,3,3736,10471,2014,3,Rural,Excellent,1,1,7.3433945747487215,41.75938180091319,1.7121636052721532,706406.3454784361
3,3,4,2852,15896,2007,3,Urban,Average,1,0,0.3174440308090094,33.309567501471776,6.908243657771484,740213.9049307636
2,4,4,2432,16240,2002,0,Suburban,Good,1,1,6.178452851653081,18.10885894172174,1.166115029859498,636767.0085031908
9,5,4,3221,15683,1950,1,Rural,Poor,0,0,7.609006806815828,33.845662065095595,8.486992573810566,572445.2905326344
8,1,1,864,1670,2015,2,Suburban,Good,1,0,4.812427330125042,32.47890207742029,2.5722966720140317,382417.48298936564
7,3,3,2890,18889,1978,1,Rural,Poor,1,1,9.316334150279106,46.61994451810551,5.639477283792914,548569.4161512951
9,1,4,1446,12767,2019,1,Urban,Poor,1,0,7.0817281454129875,42.22940536524215,3.3534361335485743,520493.00425903127
4,2,4,1877,14006,1957,3,Suburban,Average,0,1,7.4817572766010585,32.72489926381115,7.503824818549616,427464.1393860314
4,4,4,1939,16768,1978,3,Suburban,Poor,0,1,1.9773655395342937,17.733848423518136,3.8921599017074913,544891.5196432559
1,2,1,3680,17633,2000,3,Suburban,Average,0,1,7.775182802632344,39.19924599420221,7.521482742294855,595164.1505939406
8,1,1,840,2892,1982,0,Rural,Good,0,1,8.322626413470317,29.18520636007725,3.5638408615192887,283555.4642995872
3,1,2,3489,4439,1952,1,Rural,Good,1,1,3.6190512201758356,49.27822941694418,7.77225781842184,396205.16173083975
7,5,3,882,3854,2009,1,Rural,Poor,0,1,2.1414970496493826,13.127800299920397,1.2754494670321381,388467.08273979253
2,3,2,2056,12577,1984,0,Urban,Average,0,1,3.8566562852441306,4.90313620561346,3.549802018364636,544848.5649095598
2,3,3,799,12763,2018,0,Rural,Poor,1,1,7.3986836103113705,4.424698782509436,5.48770155796251,452586.1730128678
7,2,1,638,12618,1969,0,Urban,Average,0,1,4.18221366862834,32.36148902923234,1.4055362372775293,295954.7569729307
6,4,4,858,9235,2022,1,Suburban,Average,0,0,7.369152233495631,47.02375121666467,2.6743065523415077,359928.62734612374
3,3,2,2022,3618,1988,1,Suburban,Average,0,0,1.1445097643656013,1.094663800283754,9.41083283477083,563416.9136856713
9,5,4,3956,4163,1953,3,Urban,Good,0,1,8.06205698777996,36.56278130093109,9.791508386621704,801082.7907489939
6,2,2,2127,3942,1968,3,Rural,Average,0,1,2.5395427416071503,33.19619394411433,7.657749526514371,402309.2803770251
6,2,1,1803,2925,1994,1,Urban,Good,1,1,2.496800587268791,36.88290541875383,3.2698004555522155,537904.243843101
1,5,1,1634,3972,1992,3,Suburban,Average,0,1,5.907905842386569,18.414864931354444,3.344657008923721,414499.66610710404
4,4,1,2686,12705,1962,0,Suburban,Good,0,1,0.7104792770124266,41.2043257882349,6.812113220155656,531651.4386771541
6,5,2,3670,11640,1962,2,Urban,Excellent,0,1,0.272714289579839,3.1906396395242353,2.058396549388316,878440.8520306218
6,4,3,4335,11966,2009,3,Rural,Good,0,1,2.617676366281558,38.01612393047935,9.5347844238733,831297.3730964375
5,5,2,2651,18374,2006,1,Rural,Good,0,1,5.385294831840879,14.086525126105299,3.023316095591661,722002.4335981308
1,5,3,1737,12138,2001,3,Urban,Poor,0,0,9.07708769839002,24.365050968045505,9.996720628828994,431019.5703067635
8,1,2,4235,19196,2002,3,Urban,Average,0,1,8.465887411309996,41.30917730630381,5.461604157722144,715526.1570520981
5,2,2,3334,16935,1992,3,Rural,Excellent,1,1,4.909560134610545,14.296592724365714,7.942869900936428,776773.9416931724
5,5,1,4760,14145,2021,2,Suburban,Poor,0,0,0.38014941699799276,10.075168070550781,1.0196568505500152,831055.1868195152
7,5,4,1498,1489,2021,0,Urban,Average,0,1,5.357174818946798,34.38434608204633,8.998717642764777,591174.5695443099
4,3,4,3067,12748,1991,1,Rural,Excellent,1,0,7.050908043253702,27.136349683833423,3.430018403025224,628533.2218311528
6,2,3,1807,4516,1975,2,Rural,Excellent,0,1,3.3982536799250873,26.20578956856304,7.011430700932587,483405.25680296146
4,3,4,1156,7410,1972,1,Suburban,Excellent,0,1,1.1195223997837305,13.581706261357745,8.257197527142306,516210.56925711286
3,2,2,3160,1053,1992,1,Suburban,Average,0,1,2.7928938525245375,2.7091349851813553,2.4773296650310184,618125.7150202737
7,3,2,2711,19959,1977,1,Suburban,Excellent,0,1,7.718172756033462,21.103187778254124,4.982585331963061,653705.9857632716
8,5,1,2409,17999,1958,2,Suburban,Excellent,0,1,3.51892588451045,6.2214145429206305,5.44452346586731,667700.9779787749
4,5,1,4230,6944,1969,0,Suburban,Poor,0,1,8.121695091950244,45.393468381810905,3.809075188052841,552973.727875442
2,1,4,2546,8404,2005,1,Urban,Good,0,0,3.2020193035566833,3.0212658501147955,5.335802467560833,608813.8286740143
3,3,3,3662,1954,1988,0,Rural,Average,0,1,1.6439148337540432,22.15089185503469,3.8579109188980425,546411.1388918028
1,4,4,1640,11625,2000,0,Urban,Good,0,0,4.364125111540946,3.560033601340566,4.246729705496883,543212.8477784574
8,1,4,766,2629,1961,3,Urban,Poor,0,0,4.528222377768498,5.68164985367355,7.023980608324651,400366.0663582699
3,3,4,2345,11973,2004,2,Urban,Good,1,0,0.17092110330787635,33.284466679179076,6.693339414744973,636975.4730972413
7,3,4,2208,7859,1960,2,Urban,Excellent,1,1,1.179280276336198,32.70845178773063,3.090391532177727,569820.6201056697
5,1,2,4130,9841,1975,3,Urban,Excellent,1,1,1.8574109275404462,2.619557549092549,9.077345963158821,965549.5290744896
5,5,3,3711,11539,1991,3,Suburban,Average,0,1,1.1447373006129622,1.0554422809226396,8.765096911042516,866449.8862672022
7,3,2,2793,13682,1976,0,Suburban,Average,0,0,3.4218454934594242,4.862085784896416,5.581749760209565,637847.8457744075
9,5,3,4232,4278,1960,1,Rural,Average,0,0,9.64658232761401,38.38694598788517,4.899256684261753,631256.6630591557
5,1,1,4329,19945,1987,2,Urban,Poor,0,1,5.097133157887509,29.64424716482385,4.391703846856979,668846.2370771769
1,5,4,2010,7539,1992,1,Rural,Average,0,1,6.279284678467758,2.8677940142360887,7.365411267997952,524438.4346458385
1,2,2,975,17754,1968,1,Suburban,Poor,0,1,3.5703009204450513,24.916753777768538,7.044994514885234,296189.8445564176
2,4,3,1476,1857,2013,3,Suburban,Excellent,0,0,3.2416427388150293,35.88943849566812,2.765625462441808,449884.71235256083
6,3,1,1707,5886,1955,1,Suburban,Good,0,0,0.2412362514309335,43.57861833543951,7.043122281703251,337168.40547007904
9,4,1,2460,13945,1995,0,Urban,Excellent,1,1,5.008333220203464,46.767788042291514,3.2718807469183595,685145.4801416103
8,5,4,1057,8485,1991,3,Urban,Excellent,0,1,4.8412539774491465,17.044587584749266,1.16702502871173,666627.4537273617
5,3,3,1382,14680,2014,1,Suburban,Excellent,0,0,1.5867289545494192,7.655788992250019,7.292878097836393,632271.6471805674
1,5,2,2694,17767,2021,3,Rural,Average,0,0,7.64559676206497,12.609370115840926,6.803142422146746,635610.9292474306
7,2,4,3167,15397,2008,0,Rural,Average,0,1,4.9318165598069195,39.032403109970964,4.697283361369073,614913.7588724679
5,1,2,2110,11744,2001,0,Suburban,Average,0,1,3.396549761914117,48.602726537073224,5.731174503275555,378852.9774503109
6,3,1,3988,5334,1996,1,Rural,Good,0,1,1.4776200011390406,23.853287250658646,9.524522725351837,725777.3047305673
7,2,2,2954,13226,1956,3,Suburban,Average,0,0,5.526086661440414,15.962307463841698,6.356801628148939,511706.9251384865
3,2,2,4994,14440,1960,1,Rural,Poor,1,0,7.530642090627209,22.030338516041688,6.920955418028783,660266.4144513005
3,3,4,2446,16020,2010,1,Suburban,Excellent,1,1,2.827173533322867,15.935844087611489,1.5752018885422698,763091.7307666143
5,5,2,3308,5251,2017,3,Rural,Good,1,0,2.1957555722514583,13.56788863715056,2.493950146076127,781966.5782688076
6,2,4,4325,13180,1974,1,Urban,Good,1,1,5.224130291005124,30.0937868679518,3.7085704877042938,797085.8476238756
9,4,1,4036,17140,1961,0,Suburban,Good,0,1,1.5618795920750692,1.7710630383036756,5.8544138622532875,823928.1016808343
5,2,4,4302,1922,1975,3,Suburban,Good,0,0,6.669467732076907,13.71806018458442,7.989318063849891,742744.981508597
1,5,4,4677,8957,1961,3,Rural,Good,0,1,6.057382843162863,33.40772181440446,3.891167900097283,665826.5191956871
4,5,3,2470,16796,1992,3,Suburban,Poor,0,1,0.879949675418372,2.5710721190334462,4.207441874308966,620660.2607763993
5,4,2,4322,2230,2000,3,Suburban,Excellent,0,1,0.374838590019925,5.0768890089378145,3.3053579665637396,865437.1095429034
5,2,1,3319,11627,1986,1,Suburban,Good,1,1,6.206683639359963,15.376411094503455,3.291483963657753,676610.2693761707
7,5,4,1402,11006,1995,1,Urban,Excellent,0,0,2.94999480214752,44.012435131840256,9.539774613053169,647786.7669373814
4,3,1,864,5933,2002,0,Urban,Average,0,1,0.8735930742022514,38.47942184809951,6.71911461657001,404687.9408740367
1,1,3,4758,15295,1962,2,Rural,Good,0,1,7.5966927625153,2.0856748413959325,2.4031111918595216,690007.8362268142
5,1,2,3619,17377,2003,2,Urban,Good,1,1,3.1472995901462646,25.583928017736103,7.500237202758339,846293.4502100608
7,1,4,3058,1203,2006,0,Rural,Excellent,0,0,4.6013995008858535,14.459687205383421,7.498190290240261,675237.9829407563
6,2,2,2363,17544,1953,2,Urban,Good,1,1,2.3757611452631546,32.783637294041085,6.998231764483346,556259.3517889251
5,4,3,615,16899,1998,0,Rural,Good,1,1,6.276897612796066,36.3561402470796,2.2124840058159725,369665.4804960226
4,5,3,2884,4748,1956,1,Urban,Good,1,1,3.021869269390051,43.28026627933484,4.671923351226282,597642.107732031
2,3,1,4435,7718,1960,3,Urban,Poor,1,1,9.680529402664007,24.2953956180967,1.960806974449718,669165.967974581
4,3,4,2990,19965,2003,3,Rural,Poor,1,1,7.0324460106828965,49.72805433873364,8.349584536829228,636168.1051812281
3,2,1,1442,2093,1994,1,Suburban,Good,0,1,1.3758555409709232,49.01931925706836,6.896549288601274,330791.146970421
1,1,3,2224,16228,1972,3,Suburban,Poor,0,1,4.172781448337933,44.226169499080626,5.564835430910366,348672.9065520044
8,2,2,2834,17034,1977,3,Urban,Average,0,0,3.860356786301487,29.168605262745473,4.0871392885053694,625263.3385070043
5,4,1,3267,6710,2006,2,Rural,Good,0,1,5.3471286360966275,20.50231543768694,2.6582452704499007,606380.1546240895
4,4,1,1637,10732,1975,1,Suburban,Average,1,0,8.42088743804774,18.85492919684946,1.958028299497971,372960.12322923687
8,5,2,3027,4191,1974,2,Rural,Excellent,0,1,5.838385931678188,1.5941127542994966,9.723165467832096,736677.9458636078
7,5,1,4617,19221,2003,2,Suburban,Average,1,0,0.6249512092239928,13.209550364875959,2.7968377776042077,972640.740415274
2,4,2,3920,1689,1978,3,Rural,Excellent,0,1,6.557602811060522,36.22160351250906,1.538871640492471,546095.5864072517
1,4,4,4406,3103,1985,3,Urban,Good,0,0,0.09257032647912537,30.57797289476026,9.655000949642467,774194.9246455296
4,4,2,4137,1365,1963,1,Rural,Excellent,1,1,7.8018050007985265,45.90468726920915,5.940565672220444,631456.7755209103
8,2,4,3453,15010,1984,3,Suburban,Excellent,0,1,6.669694363388308,3.4510910789113356,8.169910614920287,853601.9942901102
2,4,2,2867,12767,1979,3,Urban,Average,0,0,3.0947687269423336,8.6085535556892,1.393892624784867,599171.5540662253
3,3,3,4721,17103,1966,1,Rural,Average,0,1,2.931493627849262,39.67294567825438,6.102512717316892,664532.92236673
1,1,3,776,13742,2016,3,Suburban,Average,0,1,7.984747235497593,18.566873928571358,4.583889677061956,347623.13619049697
1,4,4,2499,13391,1979,2,Urban,Good,0,1,7.835533552326959,6.798921352176018,7.947679909148952,664098.6008449122
3,1,4,1727,5172,1994,1,Rural,Good,0,1,3.5295005202238316,49.826074749904365,1.3458308107515273,272893.63093733
5,2,3,4252,16623,2000,3,Suburban,Average,0,0,2.996487803517005,39.57526483079878,4.615215117054529,750011.4675327343
3,1,4,4235,3378,1996,0,Rural,Good,1,1,5.602649640939072,21.028310801148006,8.191660775375764,723552.9214135824
1,2,2,1195,18589,2002,1,Rural,Good,1,0,0.09357294324160036,41.34402637036087,5.7042753817453296,351119.9668625041
1,3,2,1809,13031,2013,1,Urban,Excellent,0,1,0.8358437094855575,34.34958963583851,5.950348668987435,581219.3443879661
8,2,3,4652,6669,1987,0,Urban,Excellent,0,1,1.2704342055858802,39.70876321892183,1.8744821376936895,823210.2212788019
2,2,1,3734,3735,2013,3,Suburban,Average,1,0,1.8622640600934703,40.945112500716846,2.1909750050808223,502158.9469258518
3,5,2,4614,10867,1956,3,Urban,Good,0,1,5.125061085487936,5.151705481225577,7.092996448292073,902611.8710455085
2,4,4,2811,9490,1971,1,Suburban,Excellent,0,0,9.922496729462608,31.525671496716686,7.075419600609279,519275.61529896734
3,4,1,3341,1956,1990,1,Rural,Poor,0,1,6.529607883456062,1.332492095864552,9.81193054827046,635436.3692954048
7,3,1,4708,10306,2023,3,Rural,Good,1,0,0.6223749565477437,3.1293560687573603,7.407576892589954,999949.3949808287
1,3,2,4059,7623,1959,3,Suburban,Poor,0,1,5.260537946881795,45.2950204437362,5.439191463401025,448535.88844257325
8,4,2,3898,15908,2006,2,Rural,Average,0,0,4.971485671771149,26.85062234648347,8.715950411801977,748230.7892721134
2,5,1,1041,18858,1956,1,Urban,Good,0,1,1.4502364800223144,37.05919730755772,1.9402568723434261,397161.8254725691
3,4,1,3194,5460,1999,1,Rural,Average,0,1,9.203520964336054,42.08654853171415,5.0436623880662905,442639.4665460443
9,5,3,1588,14986,2001,0,Urban,Average,0,0,4.413244824276935,47.52975161066467,3.583981998348128,556093.4970659642
7,3,4,3863,13638,1982,2,Suburban,Average,0,1,9.9456458146913,43.598289548217,1.9417402623486302,625218.7601473379
4,1,3,524,3850,1950,3,Suburban,Average,1,1,4.206522229569121,24.682260986167403,7.871518762483297,279182.7990076424
5,3,2,2072,14299,2002,2,Rural,Average,1,1,6.083497449809257,17.462545061645063,5.597128274489955,600171.4046682632
2,3,3,3458,11698,2009,3,Rural,Good,0,1,1.0565777391498863,8.57016857409587,6.010918479077416,759485.6832099819
8,2,3,4736,5594,1983,3,Urban,Poor,0,1,4.547735959830623,20.615752641876718,4.701296691192961,774837.6126803887
4,2,3,2267,15282,1953,2,Urban,Good,0,0,2.395271281099693,18.958185378897007,5.143035084424617,544424.9172255404
9,2,3,2735,17285,1966,1,Rural,Good,1,0,8.357292337726637,28.419167255837795,2.0441564841070283,569257.7317366389
5,2,4,700,15334,1953,3,Rural,Good,1,1,7.841356652826724,33.60996102910346,7.056260418582788,336731.4141681185
9,5,4,3698,7644,1992,2,Suburban,Excellent,0,1,8.24355819625733,48.93794834580732,4.892026236446924,734410.2640696492
4,4,1,756,3850,1953,0,Suburban,Excellent,0,0,7.238858283201934,36.69092311893589,8.350908158166249,193448.694544232
5,1,2,4247,15933,1950,2,Suburban,Good,1,0,8.32850540396431,32.54367808970324,2.766584801287685,615391.3945764537
9,3,3,2741,1165,2020,0,Rural,Poor,0,1,2.0162792142474593,17.419529279148787,2.845495840769522,579728.7847350467
8,5,1,3675,11701,1999,3,Rural,Good,0,1,4.525917328032218,2.690689948417973,6.81183614377619,858935.3743504242
3,1,1,4106,1919,2022,2,Rural,Average,0,0,6.921550330660222,15.118131313879896,8.614030810576573,636759.4594771648
1,5,1,3836,9305,2010,2,Suburban,Excellent,0,1,6.377551054371997,38.65394712252127,5.249780547563578,690857.8824478043
3,5,4,913,18375,1984,0,Rural,Excellent,0,1,7.166381283912129,11.058325099386284,7.542584818597899,519016.6564198377
4,3,3,2514,16715,1957,2,Urban,Good,1,1,2.2503412476808045,35.89722149003161,9.99396929343777,637221.7140094223
2,4,3,1881,4839,1973,2,Rural,Good,0,0,0.9933627433594475,29.409212285901376,9.912390757560352,427016.8281101662
1,2,2,1598,18642,1985,3,Rural,Poor,0,1,9.168897714967017,9.42098661777278,7.699031585395301,418550.0647041573
7,4,3,3926,12618,1999,2,Rural,Poor,0,1,5.606117236717911,13.819615508299666,7.65627840710424,763485.0797917198
8,3,3,4155,14519,1992,1,Rural,Average,0,0,1.5467209858290354,25.31887657083735,3.228569984790151,747133.08723692
7,3,1,1409,11776,1976,0,Rural,Good,0,1,7.936431453054742,21.500360550284526,8.501856683893964,449165.0643647332
5,3,2,687,1067,1981,2,Urban,Good,0,0,9.150150066926534,39.149628529791215,4.645919143424085,320733.6522827839
1,1,3,4544,10788,1967,0,Urban,Good,1,0,1.7039395505253796,36.9858274846191,9.657945188801405,715003.3542647393
7,4,4,4256,6660,1977,0,Rural,Excellent,0,1,8.175950428138414,29.154150670177838,1.7328491983624197,701447.6841899497
7,4,3,2515,5478,1978,0,Suburban,Average,0,1,9.332918362578091,41.29146086217334,4.922563319854534,483368.53784210444
9,5,1,2592,9210,1965,2,Rural,Poor,0,0,9.384232386957214,28.570807493531124,6.0025643891514875,438449.84079228714
3,5,4,4144,11922,1996,2,Rural,Excellent,0,1,9.142423051918477,48.255073576205746,4.646405863775484,733399.4601017334
9,5,1,2630,4521,2008,0,Rural,Excellent,1,1,5.468745913477426,11.64398085840299,2.89521271454449,707606.9303672506
1,3,3,857,1572,1980,1,Suburban,Excellent,0,1,3.5685510593661536,35.992467686505485,6.336896399042589,296582.83727706736
1,4,4,2922,8082,1953,0,Suburban,Excellent,1,1,0.08265534886315277,19.12726247066893,7.803261231626238,698734.4052016119
4,3,2,4757,6395,1986,1,Suburban,Average,0,0,0.6185131464465556,14.6693435265895,6.803547364181768,716625.5496770233
9,1,2,1997,16407,1966,0,Urban,Good,1,1,4.294101762820932,9.83898632241793,3.1100396392723555,661295.2826961013
6,5,4,2658,19642,1988,3,Suburban,Poor,0,1,3.999268202451188,28.072670336815648,7.584471499316716,704052.3490766141
3,3,4,3055,12094,1997,0,Urban,Poor,0,1,1.8552919566031332,11.558002204711352,3.312080254401069,654345.1026648219
1,3,1,2842,1650,1995,0,Urban,Excellent,0,1,3.9608454800362516,10.81719172097189,2.57682126631636,529029.421994395
4,1,4,3451,6741,1997,2,Suburban,Excellent,0,0,1.7547541538991274,49.53606334910708,7.216012138948499,665720.9099501943
9,2,1,1738,14281,1988,1,Suburban,Average,1,0,8.489424615230647,40.28562342544228,8.585085215025362,445536.4983105505
3,4,3,1473,7838,1953,3,Suburban,Excellent,1,1,2.9889668299772323,37.665564192464394,5.33385502926917,502813.9221632493
9,2,1,4465,19971,1979,1,Urban,Poor,0,1,5.989657858081517,39.908970668254995,5.78252613824594,717211.7837644782
7,5,4,1550,4262,1979,3,Rural,Poor,0,1,5.033402189370877,48.477220812218384,3.7247281342410923,335374.25530886475
4,3,4,4201,18722,1971,0,Suburban,Good,0,1,0.5283019551639823,29.09055774890697,5.45156213599029,783467.7974227694
3,1,3,3280,5996,2015,2,Suburban,Good,1,0,9.42291485771675,11.791949992740168,2.187846982111665,664146.302693421
5,1,4,2088,12826,1961,2,Suburban,Poor,0,1,5.276987522722329,43.24827239690871,9.60247746714691,364267.13851702673
5,4,4,4378,3827,1985,1,Urban,Poor,0,1,3.257325857484235,37.39380574325042,8.203245882909366,778195.6941622364
3,2,2,2868,15211,1967,2,Urban,Average,0,0,1.589684430634352,21.301107304374483,7.011757547399663,551915.9463516199
9,4,2,936,6232,2002,1,Rural,Average,1,1,3.391881080921089,24.204905430157673,5.843749345159627,483003.73307737935
4,3,3,3328,3217,2020,1,Suburban,Poor,0,1,0.21491091420366112,21.151367525464586,8.12952222605168,658480.191942013
5,4,1,2056,15232,1950,3,Urban,Excellent,1,1,3.641945971929494,46.567165851221205,5.452815156272239,535388.3765060403
4,1,2,4358,15026,2007,1,Rural,Good,1,0,5.319544413772003,17.833048963416413,3.6997651733907926,766487.9862710694
5,1,1,1804,14878,1955,3,Suburban,Poor,0,0,8.719943796050938,48.21072965415245,2.4433681165000483,215791.55784013448
7,5,4,2884,7837,2019,2,Urban,Excellent,0,0,6.876870432800998,45.60331679144355,6.828270299216266,737864.3145220203
9,5,2,682,8031,1993,1,Suburban,Poor,1,1,1.1247073082010817,31.895535970160495,9.364831705238627,521287.5090887199
7,3,3,2089,15806,2021,1,Suburban,Good,0,0,1.4859857811352315,29.411266881903657,2.3825669815391604,617971.9145385465
5,2,3,2087,4716,1973,0,Urban,Good,1,1,4.286952444505563,19.13437472342857,2.6201624054572608,543694.7233491467
7,4,3,1159,4414,1968,1,Urban,Average,0,1,1.9651204388714907,1.8985810615218441,4.9024543006858154,563963.8497592978
5,3,2,659,18832,1967,1,Urban,Average,0,1,0.28821927805173,7.25353612564991,8.262094131277202,433715.05453750025
3,5,1,4453,1570,1979,0,Suburban,Average,1,1,8.052098652379522,37.957334844127885,3.6453045607435417,572543.8214045385
7,4,4,1511,14288,1991,0,Suburban,Average,0,1,0.2050304812729613,24.105466202820097,3.2852163220302533,494600.02758620365
2,5,1,552,19889,1982,2,Rural,Good,0,1,8.30858915592816,8.342068575210437,6.579696623165505,409622.41847489786
9,4,1,2807,1917,2023,1,Suburban,Excellent,1,1,1.4495985906993305,13.934081852461677,5.820533036868987,820027.718294062
1,2,4,1728,11066,1961,2,Urban,Excellent,0,1,9.74703732396309,47.44400809250298,1.5419832800071265,356012.2617709151
6,3,4,1535,7982,1976,2,Suburban,Excellent,0,1,6.042700379143639,18.989508930202987,1.7334097957834889,491822.75733144116
7,4,2,4202,7336,1988,0,Rural,Poor,0,1,7.352479886582656,45.47641531573852,6.787116821662895,636942.8274078253
8,1,2,4545,19062,1958,3,Rural,Average,1,0,1.1137314434009682,15.92715578238526,5.186112392330016,827979.3136766661
9,1,2,4949,17999,1970,2,Urban,Average,1,1,8.622419693780285,27.617784623990882,9.738794724302323,930807.0423369906
2,4,2,1764,10941,1978,3,Urban,Good,0,1,8.393531505286669,2.0033770847476964,7.1067826965705825,534762.9026065554
2,4,2,2384,13380,1982,1,Rural,Good,1,0,6.5333973881017595,26.57188040830527,1.0906629579390832,451035.76977341133
5,4,4,2309,12667,2011,0,Rural,Poor,1,0,5.02772589730792,32.21015851992088,5.329169018204157,560923.0811379224
5,1,1,3667,5529,1964,1,Rural,Poor,0,0,7.217676839585408,12.480949867521717,4.730031415319315,432279.1370892209
6,1,2,4297,18519,1951,1,Urban,Excellent,0,1,0.06922287121541273,29.367921634062494,1.9604247399439183,778595.1320283143
3,4,2,2841,13192,2001,0,Rural,Good,0,0,5.92848314643061,32.71122083049829,9.308879522849711,589189.4191364996
8,5,1,3914,9566,1993,1,Rural,Average,0,1,8.475587287943073,34.65741784070607,8.245101691735513,734056.4953728167
1,5,2,1317,8226,2003,0,Urban,Excellent,1,0,3.5754298728758007,39.04376277908305,3.0707731757800167,461741.79294493113
6,2,1,2937,6162,1967,3,Suburban,Average,1,0,1.0918106712643392,16.255622903541408,3.303826829586975,559153.240980699
4,3,1,1388,17590,1952,1,Suburban,Excellent,0,1,4.21456372493463,28.82107086516203,1.2881624798750586,372296.36926490825
1,5,4,1167,2319,1956,0,Rural,Average,0,0,7.273773446094484,49.09737245846513,3.6704570642113685,64974.20470892117
7,1,3,3124,2141,1992,2,Suburban,Poor,0,1,1.0819390916030185,45.0090643625927,6.261598080220182,532808.5280276843
9,5,4,4732,5627,1987,1,Suburban,Excellent,0,0,2.068425116526771,47.68060597681996,4.787590495480014,868155.0344882887
4,2,3,1318,15501,1986,3,Suburban,Average,0,1,1.4840429498187124,19.9206835279,9.723299173477127,487504.34346186306
4,2,3,2688,3690,2007,0,Suburban,Average,0,0,7.971508078196496,39.55947718893643,1.5047215233730378,352810.1354713257
6,3,3,1606,8323,1982,1,Rural,Good,0,0,0.6382972983003435,31.37499963625704,6.322871430091095,415957.78827017086
3,5,2,2724,4255,2008,1,Suburban,Excellent,0,1,6.868999156123185,5.054019070049813,8.724784964563433,746900.0263760753
6,1,4,697,6213,1960,1,Suburban,Average,1,1,3.6709046383243815,41.3750390686962,5.326668211687504,327018.6916992222
7,1,3,3171,5108,2017,3,Urban,Good,0,0,7.56035451642417,34.177962541510865,1.0266644850435713,610140.2957876753
3,4,1,3992,19241,2017,0,Rural,Average,0,1,9.644190353652537,10.746950616248073,3.1852134984364766,732655.7949502119
7,1,2,2948,10802,1971,2,Urban,Excellent,0,1,1.1543075428689582,4.907189314043606,3.9139207810116954,747302.3880772803
3,3,4,970,12413,2015,2,Urban,Poor,0,0,3.15070656026391,42.0140844017682,9.693950451017162,440217.8400250532
2,3,3,2448,15995,1993,2,Rural,Excellent,0,0,8.103153022911382,4.866189645068852,9.205959536548296,590501.7778703267
4,1,1,4399,13583,1955,0,Suburban,Excellent,0,1,2.668922276651253,5.476339402955396,9.542534545968673,726878.7824784307
8,1,4,2510,6021,1991,2,Urban,Average,1,1,2.1590547644899485,21.943006107311447,8.431826118552715,677011.7379110253
9,4,4,4300,19771,1974,3,Rural,Average,0,1,8.255525998911027,7.605093592554376,4.16482960702514,841289.1005451836
7,1,2,4618,7582,2006,0,Suburban,Excellent,1,1,9.870952816419644,45.76981027469325,9.152887798865805,865291.289561832
1,4,4,4296,14455,2004,1,Rural,Good,1,1,5.573237095578178,24.0439128768986,9.83516055343344,819691.3073068646
3,4,2,4488,14117,1965,3,Urban,Good,1,0,2.787706995850059,28.888398052074002,4.150641810474577,824123.9477758607
9,1,3,734,19950,1963,1,Suburban,Good,0,0,3.991673956384539,46.47719838442629,3.3450036938780405,305577.16747236263
1,2,2,1428,18359,1988,2,Suburban,Average,1,0,1.709601970562254,26.982898056279083,5.922246635039992,439657.48844475177
9,2,1,4107,2262,1977,3,Rural,Average,0,1,7.621253916118617,18.32596615190861,2.68436973339037,613511.3548571689
8,4,2,1022,8382,2000,0,Suburban,Excellent,0,1,7.737005438049452,40.06060018497576,1.2936179926574218,438902.81006589835
1,1,1,4023,4327,1998,3,Urban,Poor,1,1,8.752458713901119,22.699659676285325,9.512480540042827,666262.0155989815
6,2,2,2129,19643,1958,1,Urban,Average,0,1,0.27575961032967317,16.605001854512963,9.331665691972773,583090.8027594915
5,1,4,1816,11020,2007,0,Urban,Excellent,0,1,5.624193602847528,36.43824347167119,2.4638846838590895,553209.3002625363
6,1,3,3357,18641,1994,3,Rural,Excellent,0,1,2.150411789088412,40.278678154039106,4.669662222367474,721691.6792289806
5,1,1,1624,17848,1971,3,Suburban,Poor,0,0,3.4154213247686473,39.7940922116293,8.479326819454169,313391.7688361829
6,5,2,3087,15062,1981,3,Suburban,Good,0,1,7.8517065967122095,48.90604629230667,6.949002689387677,675201.3243425973
5,1,2,1523,7774,2018,3,Suburban,Excellent,0,1,1.9284161870913468,39.54668049487317,4.553087582536426,496356.48807100585
5,5,2,1878,16160,2018,0,Urban,Excellent,1,0,6.387034088305086,38.72673836148562,7.69753897464537,679935.157253042
4,4,4,3874,2230,1991,1,Suburban,Excellent,1,1,6.5491162503237454,43.01677743307479,9.073426493891718,788328.2792411229
3,2,4,2019,10076,2002,3,Urban,Good,1,1,9.541398209873984,1.0090745694766976,9.335424974732813,714994.4095468157
3,2,1,726,4805,2008,0,Suburban,Good,0,0,7.753857676004081,18.759139148200763,4.409646507299701,297430.5437507224
4,2,1,1391,15715,2023,1,Urban,Poor,0,0,8.038315120065397,37.142551705686685,2.5620461206553697,371324.5754761956
9,2,4,4572,6750,1988,3,Suburban,Average,1,1,5.320691482688756,30.38623154440359,9.215549723745776,815407.6301848484
2,2,1,2757,16627,1964,1,Rural,Good,1,1,1.875940263552083,9.701028128949265,1.8329990127492544,547543.7588604888
9,2,3,3288,14232,2020,1,Rural,Average,0,1,4.2613780235263325,15.882921365338722,7.495195521053473,710732.8589148058
1,2,3,896,4135,1978,0,Urban,Average,0,0,5.499400839383085,17.502837943023234,2.264475833747215,204438.8414010201
1,4,4,2578,7953,1952,1,Urban,Good,0,0,6.787408324619986,28.823577447443483,4.50448169200923,479186.9919375177
5,1,1,4924,2546,1959,0,Suburban,Excellent,0,0,6.081014027200953,41.74831652561274,4.704001718905246,606209.6870578874
6,3,2,3737,16457,1978,3,Suburban,Poor,0,0,3.945838510883263,46.692097209106315,2.4288212360087504,591761.5694115019
6,5,3,4393,18478,1984,1,Rural,Average,1,0,2.6604779388884556,37.75452822982831,9.304132906059507,772876.0612376211
3,3,4,2505,3411,1955,1,Suburban,Excellent,0,1,1.6906261236047941,42.30456911866368,1.0240135120835765,419141.8999943815
7,3,1,2516,15113,1961,2,Urban,Good,0,0,6.9415154088599405,24.034701964124288,9.044276888949675,607638.5059902555
9,1,4,3671,5145,1987,3,Urban,Average,0,1,6.457532756381725,20.09899066149208,8.954463911279369,807604.3993045221
8,1,2,3168,3775,1968,3,Urban,Average,0,0,6.8768509329204885,20.24271807506663,3.8526728832820147,557149.2179383491
6,1,3,2378,14193,2016,2,Urban,Average,0,0,3.7315492534999204,31.1858878886579,7.33855842891348,580918.0890206954
8,2,4,1696,13851,1957,2,Urban,Excellent,0,1,2.6314541474817426,7.087598572234642,3.2752802016848395,687829.6858668006
5,4,4,2272,14070,1957,0,Rural,Excellent,0,1,7.599616073522444,29.3952149567228,7.828962060285446,529126.9753375704
8,2,4,661,4970,1996,0,Rural,Excellent,1,1,7.738737476602788,33.59151014900255,6.050077676089691,428946.38482077874
4,4,2,4476,15119,1953,1,Urban,Average,0,1,4.561607575928738,22.5065282701057,3.702029088228925,675408.1883396184
8,4,4,2251,5331,2000,1,Suburban,Average,0,0,6.122921806825568,47.705191661787204,4.6021127827388915,512564.348490818
2,3,2,1275,11295,2016,1,Urban,Poor,0,1,3.7414614456750948,30.802450346599187,7.208998590145631,458110.4981344097
5,3,2,1439,2942,1994,1,Rural,Poor,1,0,7.022452529196869,11.779974139594634,9.154877046794047,383221.9009078798
9,4,2,3720,17575,1957,0,Urban,Excellent,0,1,8.358858750512233,24.481596614242296,2.1765386491054715,821584.4373692255
4,4,3,1039,14404,1965,3,Rural,Excellent,1,0,6.885450440583138,34.09481741962941,6.142275727022414,412732.64973770507
6,2,3,1961,1861,2016,1,Rural,Good,0,1,5.130700442202894,16.857827104443473,3.283562795114057,524204.1532004494
1,2,4,855,10275,1958,3,Urban,Excellent,1,0,4.59199301532878,4.902438708162135,8.212350248879133,512615.9969486691
9,3,4,4104,18033,2009,1,Urban,Poor,1,1,6.426773313247685,29.588346100833366,1.6321357528253295,810956.4953050484
1,1,3,3823,5134,2020,2,Suburban,Poor,0,1,6.801310807097289,47.44563826236432,7.200602111540528,550548.4525760899
5,4,1,734,12803,1964,1,Rural,Poor,0,1,5.591707140810144,24.768527292595515,2.5745141232192683,234370.73478902451
4,2,3,2048,16408,2020,1,Suburban,Average,0,1,6.253173328322876,45.399344951704855,6.367468765629063,445324.3687099602
3,3,2,2596,18420,1990,1,Urban,Average,1,1,0.9749209381203771,41.91615583021301,8.521233284734228,680006.7923076191
6,2,3,4713,17351,1971,0,Rural,Excellent,0,1,9.518137506261844,8.223226398065185,7.795725959095116,849906.0938430995
2,4,2,2601,5131,1973,2,Suburban,Good,0,0,7.90982290668302,35.70032616994297,7.776485989152736,486498.82887261687
3,4,4,2173,19532,1993,1,Suburban,Good,1,0,3.7455394183707704,22.337810728526943,5.660607809682147,600020.5168168887
5,5,1,2600,13057,1950,1,Suburban,Good,1,1,5.632497983426764,13.262069937883908,9.016710326647493,634157.0139939244
9,1,4,4157,12349,1959,3,Urban,Average,0,1,0.4827720560628493,34.659979427668446,6.292946784177981,799812.8508901492
2,5,2,4096,12486,2021,2,Urban,Poor,0,0,0.4218658618506133,37.39037521416465,9.257661716946135,718762.098104896
8,3,2,4248,6457,2005,1,Urban,Poor,0,0,2.515475367768507,9.814919618007101,5.9187021204917585,790979.1766254504
2,2,2,3673,7079,1999,3,Rural,Average,0,1,6.900119407222586,45.80778942075421,5.5536900671800264,509395.6024158824
5,3,1,2315,13453,1961,3,Urban,Good,0,0,8.522956000522116,37.806214953620604,3.00117717289283,392903.58262690715
7,4,3,4341,19814,2009,0,Rural,Good,0,1,5.596266940998685,46.73539945795647,5.903079886271845,751565.4133113889
8,5,4,2505,19263,1975,3,Suburban,Excellent,0,0,5.3260060684277,16.536587719420858,2.2652634812400727,780159.841399447
1,5,4,4993,13158,1990,1,Suburban,Excellent,1,1,4.029072242576745,47.02741577140635,8.827211811335909,907273.9241522893
6,5,3,1174,16735,1985,0,Urban,Good,0,0,1.6243635800206315,19.057365234080663,7.083026998374641,613746.3051944333
1,3,4,886,16830,1972,0,Suburban,Average,0,1,1.1923574722526094,3.644518309942195,9.942719036436477,453859.27787724766
2,4,1,2658,16125,1992,1,Urban,Good,0,0,7.609190814597451,38.385500046742145,1.828876850114708,577530.4536975493
1,2,4,3161,12905,1955,2,Rural,Excellent,0,1,9.27576047745279,35.4718990603287,3.1660547486075816,489320.9069164709
5,2,2,2564,13298,2018,3,Suburban,Good,0,1,4.588249331698869,30.29763862090329,8.894427438395253,703304.6251990048
9,3,3,4351,3011,1992,0,Urban,Average,0,0,6.597862130569226,25.004793474824524,4.5572868979202585,736227.0110113332
6,5,1,3753,4373,1974,2,Suburban,Poor,1,1,9.145431932300603,2.576098245808938,5.1967269098370785,713605.2491323169
1,1,3,4766,11335,1967,1,Suburban,Average,0,1,0.910235193012104,31.60526532448756,8.74586698648855,680131.087276256
1,3,1,1239,11692,2011,3,Urban,Average,0,0,7.707109716659108,21.42489614591689,5.69640902454957,432355.22893170954
2,3,2,1901,15527,1962,3,Suburban,Excellent,1,1,6.172000674911995,28.450260734306305,2.741282644729313,510284.7474887749
9,4,3,3759,13773,1992,0,Suburban,Average,0,0,5.990385416510315,22.036745756414177,9.028271038688029,766011.3356484687
3,2,4,2777,2289,1977,3,Suburban,Average,1,1,2.932478880530882,48.33675050549475,1.2795549078073014,473766.3860845348
1,3,1,4404,2447,1967,3,Suburban,Excellent,0,0,6.842094614228992,30.60133615639151,9.05856640879099,649126.9433945146
5,3,3,4423,15139,2008,3,Rural,Excellent,1,0,7.950029570659558,37.71258019952089,1.4546820400510123,768992.8159408766
7,5,4,4714,14757,2009,3,Suburban,Poor,0,0,1.1374530677875347,46.88100042608308,6.992644281401153,854544.7221845045
6,5,3,3727,6462,2012,1,Suburban,Good,1,1,5.339879095500028,29.988366822920245,1.645114417078012,803129.6371913155
1,1,3,3331,8657,2006,2,Urban,Average,1,1,1.0216391580642226,1.591063373297637,7.35591687368559,733061.4043601761
5,4,3,4258,5920,2000,1,Rural,Excellent,0,1,8.72701445278347,2.680292237216576,1.305741891996558,824347.7911476663
5,1,1,3012,11345,2005,1,Urban,Poor,0,0,5.081290859336909,35.41458327099123,8.582119549397088,544314.0909821772
6,5,4,2651,9417,1976,0,Urban,Good,1,0,8.081577235714967,14.675171671412892,5.193495558369863,775219.0426782196
3,2,2,4175,18160,1981,3,Urban,Excellent,0,1,3.6871755202854803,29.38960664004949,1.8410852140199014,776643.5788184518
5,5,1,3245,6208,1958,1,Rural,Good,0,1,1.2595314858950908,10.911581873442778,7.361375005091295,652481.929511908
7,4,1,4366,1687,2017,3,Urban,Good,0,0,0.42457805081325767,14.242194878023993,5.403611417533862,904588.1835980591
5,5,1,4264,17913,1995,1,Urban,Average,1,1,2.8222811115160313,25.72741174145569,2.718539729878986,911062.8628536832
5,4,2,2722,14223,2016,1,Urban,Average,0,0,2.4498946666371446,48.80290370444802,1.1410513649985319,531685.8037503902
5,4,4,3292,9080,1975,0,Suburban,Excellent,0,1,5.607916220459419,31.197253971250387,4.761984337529834,655205.1115401868
3,4,4,2197,19537,1957,2,Urban,Good,0,1,0.2271709922564365,46.871257121138136,1.77066307655682,498729.45474368037
1,4,4,3962,10486,1955,2,Rural,Excellent,1,1,5.210499737548742,48.00961286496043,1.847527284225135,603991.3528339803
5,4,3,4563,7094,1973,1,Rural,Excellent,1,1,3.9237997026999114,11.197389824604864,3.4059659352640916,811064.8302485736
9,2,3,2024,8692,1997,0,Suburban,Good,1,0,5.775451476445277,16.24848652097828,6.674124675181819,580847.763238637
1,1,3,532,12088,1994,3,Rural,Excellent,0,1,7.027151106222142,38.7296217797165,5.769195477048543,219466.23784956505
3,3,2,4525,4103,1962,3,Rural,Good,1,1,6.344578531347592,43.47143611227585,1.6208857743281255,530920.7969311579
4,1,3,3066,3440,2018,1,Suburban,Good,0,0,9.84659725003993,26.44211046528686,9.715881483032229,606659.484935062
1,4,2,3303,8124,1974,2,Urban,Good,0,1,1.391270785329942,49.66807729674691,8.984518194651319,578172.4122501381
1,2,4,4396,18228,1969,0,Suburban,Good,0,1,4.303072719208487,1.567037739008243,3.3330293843064243,721175.1964345265
8,5,3,4209,15031,2015,2,Urban,Poor,0,1,4.2540590590666785,15.680040123675566,2.1010471836592712,884780.5728515461
2,2,3,1219,15536,2023,3,Urban,Good,1,0,4.176361504992177,31.534925933484413,9.481625782812912,572109.3325259148
8,4,1,1472,1446,1994,2,Rural,Average,0,1,6.641345936506257,23.99520563593666,5.150276000926299,373501.85511235264
7,2,2,4218,4915,1996,3,Suburban,Average,0,1,4.903382324861758,6.713545355011236,3.800502682942922,811287.988601319
2,2,4,4902,16787,2012,0,Rural,Average,1,0,5.179151272531501,19.021567188547618,5.413222316486687,844985.1876880213
6,4,1,2707,18618,2004,0,Rural,Good,1,1,4.329236361546179,2.2469100214569138,7.95469730091771,814695.3619935982
6,2,1,4926,7587,1968,1,Urban,Average,0,1,9.91707761557544,32.49455625768869,2.5154676847274904,666965.5762575201
3,3,4,4820,1226,1984,1,Rural,Poor,0,1,9.27633787470223,44.744384606821406,7.9074625015837645,588188.7914268699
2,3,1,3530,12151,2002,2,Suburban,Excellent,1,0,3.084164651750066,44.358832065389485,7.745021091404789,665639.4275547705
1,2,2,4075,6558,1975,0,Rural,Good,0,1,1.1248233084190051,35.27767921451178,5.854133843567918,513253.7833760513
6,5,2,3616,12971,1963,0,Rural,Average,0,1,8.399249593145644,23.822739579398448,8.792580598746234,617982.9455386725
5,4,3,3785,1186,1994,1,Urban,Poor,0,1,9.971730811742987,26.089549315882998,2.189290403528745,634387.7019762666
9,3,1,1143,15680,1993,3,Suburban,Excellent,0,1,2.9331628514560584,7.709022375787482,6.359311059991058,678654.6516510675
1,5,3,694,15559,2014,2,Rural,Poor,1,0,3.5842714091592445,17.70983756284095,5.044087472516394,393117.15575380175
7,2,1,4496,12069,2000,2,Urban,Average,0,0,9.416915483037178,10.198675699415409,4.800629015522485,752087.4121476364
5,5,2,988,3535,1992,1,Rural,Poor,0,1,7.114183884850868,41.23880996414778,3.273049641425729,264391.5974116964
5,1,2,2704,2932,1972,0,Suburban,Excellent,0,0,2.9634269344785653,45.822941165560025,4.350516911289173,360033.8705753642
2,3,2,3157,3032,2005,1,Rural,Average,0,1,5.814654447926311,27.309239809585733,1.9733568042129916,464469.545695657
3,2,1,3776,2252,1968,1,Rural,Excellent,0,0,9.442853497848919,36.66043798513426,3.264390727883427,443458.6831528214
7,4,2,1602,6509,2004,1,Urban,Poor,0,1,8.120012938388328,6.951773774449247,3.4476859700027433,520507.46770771506
6,2,1,1741,6074,2009,1,Rural,Good,0,0,7.42090881014931,30.818197520584683,7.486010807141255,358441.5965893426
2,4,3,1015,14900,2008,3,Urban,Good,0,1,7.372593154152954,35.436760047514454,1.4369538448797683,451354.0545750935
6,2,1,892,15523,1982,3,Suburban,Good,0,0,1.7884230396797807,23.18563834605864,6.860730773357746,472478.0894803357
2,5,3,1130,2881,1968,0,Rural,Good,0,0,8.248565579887085,12.920381139064233,2.9926891881387085,301094.19022947404
2,5,1,4216,1269,1977,1,Suburban,Excellent,0,0,2.7684251381101466,43.99135150652818,1.7367535532466454,616874.2862767234
2,5,3,2347,2630,2001,3,Suburban,Good,0,1,9.30436291243628,37.402527277732396,3.707255449768907,466262.5923873049
3,1,2,3155,18958,1998,0,Rural,Excellent,1,0,3.652753510227692,45.093006810610554,3.020255824857425,567580.4965842089
2,4,3,1479,14383,1986,1,Urban,Average,0,0,8.578027366452142,41.10172972739335,5.96829138255865,384016.21559701534
4,5,2,3902,17152,1975,2,Suburban,Good,0,0,2.669672610232836,49.528347049364264,4.216387631031662,652988.8603880899
9,1,2,4371,12084,1989,3,Suburban,Excellent,0,1,5.150124096456582,10.416463927507998,9.693943681674936,941746.915170957
6,4,3,777,2695,1987,0,Rural,Good,1,0,1.077784101935715,5.25064062239473,9.671946394517656,491829.4038079759
1,2,1,732,15821,2003,2,Rural,Good,0,0,6.604587840931779,17.513136775525666,4.993437422082156,266006.3776404386
8,1,1,2052,4262,1971,1,Rural,Good,1,0,8.362431958916716,7.321204576139686,8.155787145942337,500378.145114098
7,3,4,3770,2445,1965,1,Rural,Excellent,0,1,7.187288340211136,26.633375532404994,1.1194168677478753,648570.2950356278
3,1,1,2909,17436,1977,1,Rural,Poor,1,1,5.237352544257186,32.01841636497938,5.930304262523224,493864.7914027549
1,1,4,4012,10949,1984,3,Rural,Good,1,1,0.46070762722858033,29.33614214349678,7.689692550762811,751060.1611569972
5,4,1,525,19050,2009,0,Urban,Good,0,1,9.335075661636875,13.702766634123236,2.9524890286660233,490879.22602449585
4,2,1,960,7901,1994,2,Suburban,Average,0,1,7.05784059030056,45.53237751747105,1.5505457964934939,193737.9176251149
8,3,2,4264,1719,1995,0,Urban,Poor,0,0,7.461183741269677,2.0374458230335444,2.4032704231581032,672921.3921833779
1,5,4,3931,9597,2021,3,Urban,Excellent,0,1,7.948858949352964,18.052654334411155,4.976632784564713,887182.9963333183
1,5,1,3983,7855,2004,0,Rural,Average,0,1,7.4799568250168305,36.23063129450499,5.557342786806357,586526.193521662
4,1,4,2494,19678,1975,3,Suburban,Good,0,1,4.416750479342353,38.579517391108816,4.427966098978916,571042.4762677203
8,4,2,990,9263,1974,1,Urban,Average,0,1,7.338882074586589,21.389808677161135,4.95976390338142,450349.2526905304
5,4,2,1572,15520,2014,2,Rural,Average,0,1,6.254017610225186,1.8285808495619875,5.232114636483532,563804.3093283199
2,5,4,3673,12874,1955,1,Rural,Good,0,1,8.541623173351176,31.28414027706313,7.924929954409866,661620.959663324
6,3,2,715,15079,1972,0,Suburban,Poor,0,1,8.026573555220331,4.09163937797757,1.9471770826988715,349285.5870279907
5,2,3,2223,18082,2013,1,Urban,Poor,0,0,0.4233300808479263,6.28493303152221,7.920554204434564,661484.7918298853
2,3,3,2092,8243,1992,2,Urban,Average,1,0,3.7950820324227266,32.862285262663306,7.197645720654983,505070.6691051455
3,2,2,3106,10018,1972,1,Urban,Good,0,0,0.3568143603171067,16.311927980999887,7.674947285286863,590111.5630064326
9,5,3,658,17732,1979,2,Rural,Excellent,1,0,1.0297284984133181,18.05347748270439,7.610215472877905,575820.7284051392
7,2,1,3813,13100,1967,2,Suburban,Average,0,1,6.018093112816077,24.853546772178927,5.235326342216053,596776.7021725901
7,4,4,3341,17691,1970,1,Suburban,Excellent,0,0,8.739479993410912,48.95034134810932,2.9026016610481005,644655.9526747651
6,1,1,2276,5820,2006,3,Urban,Average,0,0,1.2070493395055797,48.30666881619681,5.8296601387162355,459839.9381476853
8,1,4,2552,12001,1972,0,Rural,Average,0,1,4.516381981793646,21.39678896864368,9.621838482481897,533629.9881762421
4,5,2,2795,14907,1994,3,Urban,Good,1,1,9.109680259016374,14.009461643695827,6.296731132540273,810926.4008872116
8,4,1,2196,12669,1993,3,Suburban,Good,0,1,8.144866826879161,15.827015480541672,1.0994243069149985,659810.2619044739
4,3,2,3493,16916,1996,1,Rural,Excellent,0,0,5.20148228569464,14.170283609918602,1.5373981438875157,644960.5148042312
8,4,2,2969,11878,1989,0,Urban,Excellent,1,0,7.717998678895022,27.080044549947257,9.93577090243197,771717.4588785814
9,1,4,2446,3985,2000,0,Urban,Poor,0,1,5.231710802704924,30.736130582245497,1.6475172331549635,451826.6203535747
3,1,4,4309,9112,1991,3,Rural,Good,1,1,1.5893424494556592,24.950190023253636,1.414406440404087,731188.0441421024
3,4,4,3283,9467,1956,1,Suburban,Average,1,0,1.2561137710845742,20.991723750159466,4.177218424227899,598968.3902351194
2,4,1,4144,19931,1999,0,Rural,Average,0,1,1.891798638350027,11.352966840926952,9.723854829424031,783111.652277293
3,1,3,3000,1336,1997,3,Urban,Poor,0,1,3.515711728707138,24.642773977723554,3.8680763835957914,524513.3487732405
3,3,4,4145,11165,1955,0,Urban,Good,0,1,9.305987384063446,17.714032976320443,4.688957177877436,679521.342639876
5,5,4,3145,13768,1958,1,Urban,Average,0,1,7.998787352399478,27.538177677118803,6.70669355087709,657165.6508828155
5,5,1,2849,4968,2006,1,Urban,Poor,0,0,4.333687596650912,34.084281360069575,1.2170065539375803,531266.8211422869
2,4,4,2432,1910,1980,1,Suburban,Poor,1,1,4.935836330777864,32.03229654739392,9.079872197672692,452081.03451156546
6,5,1,3794,19380,1970,0,Suburban,Average,1,1,2.6634384820874843,23.662020309874073,5.674987157989889,787603.3736458209
5,1,2,2257,16632,1989,2,Urban,Average,0,0,7.04648603515658,28.246568789718086,5.201298154036522,534687.3322888085
6,1,4,1616,17279,1994,0,Suburban,Excellent,0,1,8.02962905790576,14.957950417077225,8.746539959859675,621368.9773675146
1,4,4,3067,4129,1998,2,Suburban,Good,0,0,2.3966579097190897,2.1877726920970946,9.57768930422219,676383.2550004333
5,4,2,3999,6447,1969,1,Suburban,Excellent,0,1,0.42779802162678904,31.625953254237103,4.810827084821513,706823.9706532697
9,4,2,992,7129,1966,3,Urban,Poor,1,0,6.242650542198074,13.37585939774666,2.5519697136390764,490406.1616765492
2,3,2,3806,6850,1977,2,Rural,Average,0,1,5.629496070161813,33.77873179334545,8.341383430018656,508750.7660996719
1,5,4,1119,8446,1990,1,Rural,Excellent,0,0,4.027290238738475,37.603416480251006,4.629343791002384,388077.3609265294
9,4,3,3732,12949,2015,1,Rural,Poor,0,1,6.442500478314369,45.880459559085274,9.419909855605894,704927.2374978246
9,2,3,4323,9519,1974,2,Urban,Good,1,1,5.510626846871585,47.94801697850104,9.549090854478846,842696.3391511788
9,2,3,2880,1314,2007,3,Suburban,Average,0,1,2.513309950175986,1.5157762691753707,2.0334612854923253,669650.6674057883
6,1,4,2046,12737,1990,1,Suburban,Excellent,1,1,3.9833124664709962,49.52833625837723,9.60898570599566,612575.2430935429
8,5,2,4063,2134,1955,2,Urban,Good,0,1,4.286854561774945,34.46789760621389,4.314432929006088,726419.7699179624
1,4,4,2105,11938,1987,3,Urban,Excellent,1,1,8.803677464810882,32.532683858335275,6.8162726589147145,606822.9846552591
4,2,2,4252,16588,1955,3,Rural,Poor,0,0,9.609432499748305,1.745441664572415,1.3127507356064143,569225.2015558814
1,5,4,2390,9347,1994,1,Rural,Good,0,0,8.931083610341005,43.20043718245014,8.999958466754494,480894.8528473798
8,1,4,1775,6592,1963,0,Urban,Excellent,1,0,7.1945884602792765,8.129080915143492,6.774375964103784,592736.3251571115
1,3,2,3243,19108,2015,0,Rural,Good,0,0,5.85407740872216,42.02917754271901,6.7919902026077725,478386.0854159619
3,5,3,2993,18270,1989,1,Suburban,Poor,0,1,6.89572373830489,1.7625647666770843,9.119585439797355,701395.868779885
4,5,2,856,11997,1952,3,Urban,Good,0,0,9.391701115119563,32.652248862458904,5.575124574166089,397264.78242471383
8,3,1,1369,1721,1973,1,Urban,Excellent,1,1,2.507487364886079,22.30527515472156,4.694649763262955,541274.8511336826
6,5,1,1385,10104,1968,2,Suburban,Poor,1,1,5.355853871657315,10.837569723907421,8.795158770630845,552948.8241207543
7,1,2,2501,1870,1967,0,Suburban,Average,0,1,6.899184109814075,6.270508196751272,7.681784606842584,460226.10502608545
8,1,4,1783,7751,2013,2,Suburban,Excellent,0,1,6.795677543229504,22.566257130769994,9.54078098468411,620874.9693972059
2,3,1,1119,17881,1984,1,Rural,Excellent,1,1,2.530266806172596,7.041984460749814,9.461097039794794,543063.4097705683
8,4,1,1382,2756,2011,1,Urban,Poor,0,0,5.871447958623621,24.83588397286133,4.440935481042162,412965.2411045731
3,2,4,1296,2117,1950,3,Rural,Poor,1,0,7.961172292777363,31.63563587398976,5.0228766112727605,220550.9759401427
7,4,4,4142,12601,1974,3,Suburban,Average,0,1,4.756039010701936,41.54182548676055,3.3038645841170062,707053.1195311836
3,5,3,3925,3828,1994,3,Rural,Excellent,1,1,7.9350477862203626,34.253822421960464,6.945831002247109,803987.4531786679
7,2,4,1796,15996,1998,2,Suburban,Poor,1,1,3.605227151568002,4.194788568601373,4.280877730799979,628966.496246237
2,3,2,744,19031,1965,3,Rural,Average,1,1,9.388213670365952,16.064194094844023,8.07490581946904,365712.70472394803
6,3,2,3395,14878,1968,1,Rural,Average,0,1,5.343945120586019,15.11095178869252,2.0939568465781946,592479.1456569281
3,2,3,1429,7992,1972,3,Suburban,Poor,0,1,5.963520028418217,45.83658875008313,2.047625660491713,271603.1200753347
3,1,1,1019,14778,1974,0,Rural,Excellent,0,0,0.32330207235783814,43.521320175245414,2.840098432774572,273719.59745293576
9,2,1,3712,7771,1965,3,Urban,Good,0,1,1.7109886799146568,19.13724799917043,1.7586296959367214,712111.4521411791
7,5,4,2909,17526,2003,2,Rural,Good,0,1,6.333009465905737,4.486607538246473,6.580284469104113,803068.1628344222
5,1,2,507,4435,2022,0,Rural,Average,0,0,4.20450501410489,44.81125857243194,2.3261748941506477,105610.59738949491
7,3,1,3025,7622,1950,0,Urban,Good,1,0,5.0865562666771655,44.52130769524518,2.439666257208888,567381.9703809941
9,2,3,3923,13852,1991,0,Suburban,Good,0,1,0.6390843732496674,42.88256046950553,1.128054013562494,722570.2517507345
1,4,3,2519,15806,1968,2,Urban,Poor,0,0,8.343011031719739,42.40900024903958,8.03881013161249,459852.6671203488
7,4,2,4782,11623,1983,1,Rural,Average,0,0,7.84721096693921,24.53244605322158,8.31066449881133,757638.7892435085
6,5,3,4167,2848,2004,3,Suburban,Excellent,0,1,1.861686217461277,9.694150960230314,2.4582017472799573,903700.7764965224
9,4,3,4171,3696,1967,0,Rural,Average,0,0,6.34695027900122,24.396914472658956,7.65571990840502,657410.8418693581
1,2,2,3301,2717,1983,0,Rural,Poor,0,1,8.184968964426174,25.23529076280378,4.901906108416236,358479.6582812601
4,2,4,585,10259,1994,0,Urban,Good,1,0,6.412132822791843,25.006655908998177,3.156353946688522,400902.2402103696
9,4,4,3615,3786,1955,1,Urban,Excellent,0,1,3.1108769720054896,27.39985671964069,6.59246147266446,757909.5627514797
4,2,3,4732,15154,1970,1,Suburban,Average,0,1,6.56455039327689,13.625194126566601,2.6063566691237634,770839.8379186126
3,5,4,2968,14409,2019,2,Suburban,Good,0,1,2.11251285935529,18.945817875547135,7.811952468877319,821785.0321244913
9,1,4,4119,4791,1997,1,Suburban,Average,1,0,3.189367422821414,22.27514300621001,1.4285370481349653,798796.2076599721
2,5,3,2136,4871,1988,3,Rural,Excellent,0,1,2.4082958345407146,7.424939266308493,9.632178396351229,707587.6275775433
4,5,4,4083,2806,1980,2,Urban,Average,1,1,5.573681772878163,23.312842593513523,1.6468772833776202,723573.3944335722
6,2,3,4509,18888,1959,2,Urban,Average,0,1,1.0911842011878305,40.713011236410054,6.215035773238208,785022.1826569275
2,1,1,3826,14304,1979,3,Urban,Average,1,1,9.333770699679903,41.57491759391094,9.119748611101407,588945.4722977659
8,2,2,2718,19074,1967,3,Suburban,Good,0,1,3.341788413092039,21.166624823150485,1.107140219630653,629140.8298760671
8,3,2,2717,16549,2009,3,Urban,Excellent,0,1,2.197511569786955,26.421607292133324,5.486630148901513,829527.5455616633
1,2,4,2869,4303,2022,2,Urban,Excellent,0,0,4.970532637882294,2.648866274617775,4.150062678796119,677201.2549438775
3,2,4,4138,17061,1964,2,Urban,Good,0,0,2.777208206362613,34.047195266961246,6.222989712321182,691735.7407996394
9,2,4,3003,16198,1953,2,Suburban,Good,0,1,5.353691822962617,20.82568826439629,3.0291164806389284,666087.9522103998
5,1,2,1443,18888,2012,3,Urban,Good,1,0,3.491606406323034,22.828406471083944,1.5840929550855227,583758.5131670361
6,2,1,3337,11655,1989,3,Suburban,Poor,0,1,1.3293474395827178,43.80996363180847,6.6333973316383625,530414.4036657324
4,1,1,3160,9924,1958,0,Urban,Average,1,1,2.666293467852347,23.62988729346981,4.751643155440622,524471.0831456627
2,4,2,3436,10940,1958,1,Urban,Average,1,1,4.390014051165637,2.0384200651647855,6.6023698483560675,664310.4196810087
8,3,1,4944,4924,1975,0,Urban,Excellent,0,0,0.31262933253145997,12.147053652584056,2.8948523215405864,828086.8045772212
6,1,2,4447,10783,1953,3,Suburban,Average,1,0,7.708718844877472,24.30541010110469,4.0486713665813365,638401.934059545
5,4,1,2176,5485,1965,2,Suburban,Poor,0,1,6.222027400258254,21.79541834467825,6.0551325042814925,445593.2613798564
9,1,3,1696,13629,1964,3,Urban,Good,0,1,6.017582476710759,43.15813672674355,6.338015004922545,537313.789711265
1,1,3,4605,14233,2001,1,Rural,Excellent,1,1,5.465038819508832,27.564737956002165,4.350833269968387,826455.3590555983
5,3,2,3287,13901,2018,0,Suburban,Excellent,0,0,5.907228591527434,34.79215135384093,3.520478850549008,684184.1593399134
6,5,1,1961,1191,1954,0,Suburban,Average,0,0,9.347173007545134,23.996841555130036,3.4633056653973626,324683.54765156395
5,5,4,3818,5917,1969,2,Urban,Excellent,0,0,0.09560641599929949,22.54313096889908,2.572294162788086,799710.3185455101
6,1,1,1166,6831,1967,0,Rural,Good,0,1,0.4875190994809152,22.868046755243213,3.9286446609662846,309709.1020414935
6,2,3,2676,11160,1951,0,Urban,Excellent,1,0,1.9230191652087154,21.135156914998106,2.7949630331189796,572243.729678053
7,4,3,4243,14682,1962,3,Suburban,Good,0,0,1.6813407861315695,27.390585906855968,6.7043386560695035,848432.4492239535
4,2,1,1100,13391,1953,0,Suburban,Poor,0,0,1.8201326500971349,13.27172668592658,6.121602984178806,205083.81110630697
8,2,1,3152,2874,1991,0,Urban,Poor,0,0,6.722719419628016,44.66170449824922,4.443299413038281,493980.55660277494
7,1,4,4922,10062,2023,0,Urban,Good,0,1,4.600238177491152,17.32119185659977,3.9324701794365504,945696.6043281885
9,1,4,4324,5763,2010,2,Rural,Average,0,1,9.917870994563584,8.228667874689995,3.1385278017517826,732362.9480524828
7,1,1,4406,11234,1957,2,Rural,Excellent,0,0,2.276590288881419,5.730973451289511,5.819124780634071,743688.3593489542
3,1,1,1479,10221,2016,3,Suburban,Average,0,0,3.1151927092646714,1.6577228408862528,9.270124879111195,492072.70881685626
3,5,1,2951,12410,2012,0,Rural,Excellent,0,0,9.842564760848473,21.71994784977621,7.171327462500434,598671.8124622077
8,1,1,1128,15519,1958,2,Rural,Poor,1,0,8.319263826614447,10.19293843872581,7.699732426320106,308373.39504788053
5,5,2,2129,2051,1960,2,Suburban,Poor,0,0,4.703294214578542,2.0607472267751477,8.50940077290767,434566.2795593253
4,5,1,4196,13225,1991,3,Suburban,Poor,1,1,5.550422886604437,26.480957768186663,4.1647147600406385,731520.3913592669
8,1,4,3930,10765,1962,1,Suburban,Excellent,1,0,8.433347427321877,34.31894888388731,1.5658820390303887,672618.8289927054
6,3,3,4174,12382,1985,0,Suburban,Poor,1,0,4.814992658002817,5.201801494644114,6.603029229894799,742137.590080048
2,4,2,4429,13580,1962,2,Urban,Poor,1,0,2.068176998585022,23.58511787306332,2.698050621052294,698442.5707857121
4,2,1,3265,12989,1961,3,Suburban,Poor,0,1,8.286160940158311,37.437805251436586,6.121392849960996,422627.83628265106
4,5,3,4869,12939,1986,3,Suburban,Poor,0,1,5.382347187843678,49.30453422941283,7.655592098413583,762821.0197651288
6,4,2,615,19489,2023,3,Suburban,Average,0,1,1.5388955456665747,33.692326887485486,8.05274471933053,561536.8790020046
6,3,3,2503,1307,2022,2,Rural,Poor,0,1,5.060802453532132,12.99713798966651,3.716552082227639,554953.2199070432
1,2,1,1192,4359,2001,0,Suburban,Poor,1,1,4.1379017721626195,36.111128349170976,5.611899093123837,271052.2551072516
8,2,1,3662,4176,2020,1,Urban,Average,0,0,8.769656893498762,30.29854191417167,6.588685866494731,650998.6655873163
6,5,4,1605,2251,1951,0,Urban,Average,1,1,1.269293759293427,11.378165140495838,8.375326495305597,617659.6063017467
3,1,1,3508,6366,2005,3,Suburban,Excellent,0,0,8.753345946435775,42.704430466530184,7.8524979859445265,568764.4912300148
9,3,1,2661,18901,2009,3,Urban,Good,1,1,5.126988057934744,21.942816934152443,9.891777888796332,941982.5453216315
2,5,2,653,7226,1972,1,Rural,Poor,0,1,4.049600655511664,48.136905081972166,1.072762088770098,83862.30283932216
8,3,4,4199,15330,1989,0,Suburban,Poor,0,1,1.628052172185374,36.42214936494112,4.937404967768197,749339.749266258
3,1,2,4910,5891,2013,3,Urban,Poor,0,1,7.0111714467604065,32.583594576959285,3.304400377385151,751465.270353464
5,1,3,4286,5992,1972,3,Urban,Excellent,1,1,9.268799024009304,36.68928903635153,2.0790404843038606,719076.3716878016
6,5,1,1564,2961,1978,0,Suburban,Poor,0,1,3.7600197654542047,24.426753922092853,9.20363795350466,401670.01253522304
6,1,3,4700,13497,2000,3,Urban,Good,1,1,2.4234341567016258,25.756097412282024,9.981658594861177,998737.2009733283
4,4,2,2413,11848,2018,0,Suburban,Average,1,1,5.553120500821579,42.70916188679245,2.6253658711425127,561286.5461965884
3,2,1,1716,14255,1980,3,Urban,Excellent,1,1,7.963897624854364,34.36549829553164,1.3459005352122724,518517.1931974608
4,5,1,2901,5567,1999,0,Rural,Average,0,1,0.04763926855982519,44.964922934390444,3.4754900291245034,503413.7093252735
1,3,2,2272,17079,1969,1,Urban,Poor,1,1,6.317460589590338,44.65051092513916,8.513757262597561,447763.5989528366
4,4,2,2460,7513,2004,3,Urban,Poor,1,0,5.969194846979322,48.84801166816821,3.645010748793851,551445.8536949918
1,5,2,3280,16235,1951,1,Suburban,Poor,0,0,3.188340336183559,35.310518283421374,1.512113324478594,374798.20158266637
1,1,2,3371,12755,1974,3,Urban,Good,0,1,4.519715806013654,25.61278416542536,1.4724296555772691,602540.632085844
6,1,2,1160,12151,1962,3,Suburban,Good,0,1,2.477162609376591,9.149273310245036,4.846805221324928,478111.97942027065
5,1,1,3135,17567,2019,2,Rural,Excellent,0,1,7.900958522138909,35.56364742272345,9.386431507554578,643996.6058999505
4,1,2,2829,4358,2016,0,Suburban,Average,0,1,6.349003984327416,15.287308121236606,3.5732839747566874,482150.2422333992
3,3,1,4454,10590,2007,1,Suburban,Poor,1,1,5.331789104169463,14.86443083382923,4.844419126309393,749888.0928513479
1,4,1,2950,11988,2013,1,Urban,Poor,0,0,3.931336722194094,12.676101045955336,1.9174042484434768,577708.3411635892
6,2,2,1632,8678,2018,1,Rural,Poor,0,0,2.9209300163471137,43.88098081022106,5.44215513942083,329826.67825225525
2,3,2,1199,6698,2008,0,Suburban,Poor,1,0,8.22913749557388,43.530257887425755,7.268923578571336,308863.19312713976
8,3,4,2538,2273,2009,2,Urban,Good,0,0,4.5195626276313545,31.91755179863285,3.4403532505949763,698469.6703687975
5,2,1,2679,12241,2011,1,Urban,Average,1,1,5.0194597242183105,24.17606808716606,3.6704017767581627,598901.3531504564
7,2,2,3338,18480,1965,0,Suburban,Average,0,1,5.213079018102009,33.93360854484116,8.577775228656442,541332.8280086445
2,1,2,1373,10497,2017,3,Urban,Excellent,0,1,4.489185684961448,30.754243064621143,1.0932735011245938,479743.60078483936
8,3,2,583,10107,1964,1,Suburban,Good,0,1,2.5683233781218533,21.37097816784598,6.728236376950873,383301.2823322333
2,5,4,1922,12273,2004,1,Suburban,Poor,0,0,1.2122009980280897,19.601912506796083,4.544961714474553,494648.503653098
4,2,4,3175,9002,1984,2,Suburban,Average,0,0,0.9943872990057295,19.75692109912216,3.6854246220532207,621758.0916687573
1,2,3,3680,5247,2004,1,Rural,Average,1,1,7.577050608173479,29.867536754645872,6.918344490194894,579475.40287193
5,4,1,4816,10220,1963,1,Suburban,Good,0,0,2.2430429447920983,32.735798449920466,8.512016696107347,733503.660871296
9,5,3,4475,11703,1998,3,Urban,Excellent,1,0,0.566171421390216,23.135345922256658,6.025529046958063,1051878.4111746603
1,5,2,1891,16472,1956,0,Rural,Excellent,0,1,7.977198892891901,48.46588106043911,1.2798515974875042,320251.1400753496
9,2,4,3718,17654,1979,0,Urban,Poor,0,0,1.5490759120778734,5.108440182219571,5.152610717430185,793275.2295066543
8,1,4,4707,18570,1998,2,Rural,Excellent,0,1,6.255209456416207,18.005304271735074,5.164839468045757,997114.4016225273
6,4,3,1114,13392,1965,3,Rural,Average,0,0,3.3930462817641533,21.534659473146608,5.8941864532414705,394334.00630603416
7,5,4,3471,12956,2000,0,Rural,Excellent,1,0,1.2735377643461816,1.8291458297822127,7.0386301093919705,950214.7696247437
3,2,2,4065,16641,2021,3,Rural,Poor,1,0,4.1506649827510556,18.882902195743032,1.173865631809064,698285.8811078276
1,5,4,4076,14998,1991,0,Urban,Average,1,0,0.15794052271492515,14.411785941469285,5.518113619597754,772876.1686094007
5,4,3,770,7305,1966,3,Suburban,Excellent,0,1,8.412039375300477,25.795777241146556,6.294769924425316,406423.4757840039
2,4,2,4566,19782,2012,2,Urban,Excellent,0,1,5.139844633805153,17.484116811980194,4.090180477744468,954447.1917572558
5,3,3,2968,13721,1994,1,Suburban,Good,0,1,1.4002085089705385,36.5829246123766,7.015287039313898,677479.9162460302
8,2,4,1890,7995,1956,2,Urban,Poor,1,1,2.377433380705957,25.98669227497478,3.05359945416254,519863.409652202
9,4,3,3854,13427,1976,0,Rural,Excellent,0,0,4.485272169463881,7.358349441316954,3.8563509976070645,819494.9408027446
2,3,3,4635,14782,1959,2,Rural,Good,0,1,1.896805134327331,37.75300488307301,9.664798126818933,656185.80074832
3,3,1,4107,3230,1983,1,Suburban,Average,0,0,2.693305623395848,5.862215908051153,4.132633337750261,623321.6651293848
3,5,4,3083,7511,1985,2,Suburban,Good,0,0,5.348511786710279,42.11340923588851,4.118507986291705,608559.1682896805
1,5,4,4573,17512,1974,0,Urban,Good,0,1,8.327764040253472,46.63968751022475,6.361125722408037,722044.3231290444
8,3,3,3575,10461,1955,0,Suburban,Excellent,0,1,4.024378460042309,16.79981921905784,9.738777968740541,796811.6167610382
6,5,1,4406,5765,1973,2,Urban,Excellent,1,1,7.172582982799947,46.380989029883615,9.847724013577004,875268.1338835169
8,4,4,789,14272,1967,1,Suburban,Excellent,1,0,8.768075292471877,39.857399797004376,6.216921673086844,439472.05795566394
9,1,2,2980,6552,1955,2,Suburban,Good,0,0,2.170846393558658,46.199344939184726,1.0097831782443927,456522.35547390126
5,4,3,3752,1627,1978,1,Suburban,Average,0,1,8.073847784317579,33.647236709121536,9.105908956915597,618635.7423564249
3,3,4,778,12989,1974,3,Rural,Poor,0,0,7.576447961326964,12.546557931649671,6.132141681193433,293989.33905609004
5,3,2,3424,14780,2004,1,Rural,Good,1,0,3.5758036065018683,44.831638608637654,4.293967674609423,585471.1308717416
5,4,4,1080,7589,1995,3,Urban,Excellent,1,0,9.895304395413662,10.028988732366443,8.462756269143444,641191.76989494
5,5,2,753,3044,1973,2,Suburban,Poor,1,0,2.6330979906452106,11.43996699985924,4.598492134151845,368133.67010017
3,5,3,4776,14171,1975,1,Urban,Average,1,0,2.5554846276566385,14.282086516877822,1.306400555802382,795333.4831841058
4,3,4,1324,19725,1977,3,Suburban,Poor,0,1,7.7248690548854455,15.908069262842648,8.389650007513168,446639.09788610094
9,2,4,4332,6884,1952,3,Rural,Excellent,1,1,4.352226607330331,26.2095024644205,5.9127346091778605,785722.3746400095
9,5,1,1199,9185,1987,3,Rural,Good,0,1,3.314641997862622,35.95941066126816,4.043291844017766,427271.4458215704
2,4,3,1880,1249,2010,0,Suburban,Good,0,0,1.7948414253376386,46.384200545633504,3.2580313871846607,397970.5534655716
8,5,2,4396,18358,2000,2,Suburban,Excellent,1,0,7.655670985036095,5.33344177943962,6.34417713473883,1057210.0526203585
8,4,4,2173,10175,1997,3,Rural,Good,0,1,7.86535484329941,47.76409874918356,2.872445934025901,523219.2026040727
7,3,4,3227,17260,1970,1,Rural,Excellent,0,1,5.669974392269103,46.14482538774386,3.914657979013029,647521.6027327952
8,5,2,3656,3672,2003,3,Urban,Good,0,1,9.573562995781815,3.645965316870908,6.7287727847258525,907559.1251628238
3,4,3,3888,8279,2005,0,Rural,Good,0,1,3.1884510715223158,18.655735746886574,8.933900053653389,738197.949539616
6,3,1,4807,9662,2008,2,Suburban,Good,1,0,2.2039942643385784,40.84402612466749,5.796012955524389,844067.3662443851
1,2,1,883,2987,2021,0,Urban,Average,0,1,6.777893021655275,30.967250728490654,7.831957584691833,309399.0886386615
7,4,4,841,17474,2000,0,Suburban,Average,0,1,7.58650232158905,39.17560322570675,7.8675454338673765,424266.14956001786
1,2,2,2487,13948,1969,0,Urban,Excellent,0,0,2.2568106458127053,36.23263360070449,6.9791855739344815,472888.7470139548
9,2,4,4559,14026,2008,1,Suburban,Average,0,1,0.7753415349685213,25.341735543231014,3.212545039124659,878612.8908281985
1,1,2,3609,3773,2020,2,Rural,Excellent,0,1,8.107059700997857,3.019684251633277,8.801097383352177,693939.5416183772
1,5,1,4582,14159,1958,2,Suburban,Poor,0,0,9.765254716723664,29.62914190116055,4.926480900756099,587808.3383122439
7,4,3,3298,10878,1950,1,Urban,Poor,0,0,6.4502761378621205,3.3797659999055027,1.3978966954213052,549372.8826608652
2,2,2,3740,11178,1978,2,Suburban,Average,1,0,2.785890332437502,30.582609159221413,3.2015140306257264,528427.6861342122
5,1,1,2488,11377,2012,0,Urban,Poor,1,1,9.966759359442392,40.22013226219023,7.889935186893842,471463.5423106745
8,3,4,3914,8347,2021,2,Suburban,Poor,0,0,8.933733696308105,29.664595686394012,1.6222000223574042,697449.7400712528
8,4,2,2349,2008,2005,1,Rural,Good,0,0,5.138672656340136,49.85406842352316,2.326279619394201,396951.5754527122
3,2,3,805,4783,2017,0,Rural,Good,0,0,8.25495963556992,23.33745850884122,7.2480413443753395,325716.0319999375
7,5,4,4113,5298,1984,1,Suburban,Excellent,1,1,8.160047027397038,37.69254571659538,9.033407107547864,887769.682205536
3,1,4,3249,5668,1952,3,Suburban,Poor,0,1,9.34864170703826,33.69345129535347,6.703588045518732,473532.63514547964
6,2,1,1635,3052,1956,0,Suburban,Excellent,1,1,8.410829199296867,49.58015288634631,3.0006194844659912,366147.57776941295
6,5,2,705,2716,1976,0,Urban,Excellent,1,0,6.440355567212073,35.94773124877815,1.4807238692459375,375018.22974155785
3,2,4,3950,1310,1950,2,Suburban,Poor,1,1,6.096944152375508,9.03750584151008,6.536139242952806,569152.7358666682
7,4,3,4311,15391,2020,0,Suburban,Average,1,1,4.678899310432801,47.820367614444805,1.426587201380476,784653.8382662429
3,4,2,4122,2260,1993,1,Urban,Poor,0,1,6.268591543307866,33.72108409584231,6.514498467475813,663414.8501438254
8,4,3,4099,14157,1990,2,Rural,Good,0,1,7.954213699438523,3.9075733095131047,3.0302194974498553,821742.2654886752
4,1,4,3051,12460,1991,3,Suburban,Poor,1,1,9.690685886762507,33.22084698344601,9.141904561679468,603689.6484081233
1,4,3,4808,17968,1982,1,Suburban,Average,0,1,4.6782007082393795,44.27285092706398,5.2758340163862565,686922.2934766659
4,5,1,809,15011,1999,3,Rural,Excellent,0,0,5.740795497857683,29.275051237511228,3.015445899787261,454985.51894406654
7,2,3,3208,3866,2012,3,Rural,Excellent,0,1,4.45360689563723,18.34696226356855,8.678307849027323,722813.7185787505
4,3,2,2491,15365,1986,3,Urban,Good,0,1,6.688201323624206,41.22457206946019,3.286318586027575,563103.7920536584
6,5,3,771,6898,2008,0,Suburban,Good,1,1,6.302905835571983,39.34308840208564,3.7593916887238796,497368.4959586716
9,5,3,4142,19395,1997,1,Suburban,Good,0,1,0.1881595640342968,27.66492555733374,8.508501091499102,1007553.9185316811
1,4,1,4586,7251,1954,1,Urban,Excellent,0,1,5.416203975415578,8.563726724899116,3.7791282682053637,726471.7630477084
5,1,3,2322,5939,1997,0,Rural,Good,1,0,0.8939840880331501,13.298337790635888,4.691473923075736,568886.0335566837
7,2,3,3773,5006,1952,2,Urban,Poor,1,0,0.2735723438753281,37.18571463711918,4.128991036829799,582468.9728582114
1,1,4,4849,2625,1996,3,Rural,Excellent,0,1,7.914059649226136,40.498026104351446,2.0476028604733827,691656.2423819635
4,2,4,1020,11956,2011,1,Urban,Average,0,1,2.593912122971412,14.683998624008499,1.3500623102214353,535442.9535467671
6,2,2,1476,18274,1963,0,Rural,Excellent,0,0,3.4131442221001196,19.031268782152544,7.520866066548832,422289.5541193009
2,1,4,4222,7078,2012,3,Urban,Poor,0,0,0.6502050301646215,4.803962377239962,6.806234115421486,797980.8659073799
5,5,4,4051,9923,2010,2,Rural,Poor,0,1,1.803207602338563,35.95963546995849,3.5412946079685144,742549.0082753336
1,2,4,4605,4961,1980,2,Rural,Good,0,1,7.658392134395346,1.1752996854015358,3.6603921248639066,696942.2556420371
6,1,4,3273,19888,1966,3,Rural,Excellent,1,1,4.940372994023883,3.2805345397343357,9.505052047078133,846668.3809930973
6,2,1,3052,9806,1973,2,Rural,Excellent,0,1,8.807877940875983,1.2128593214204058,9.88904014510143,683664.871311471
4,3,4,3332,19103,1972,1,Rural,Excellent,0,1,3.9784488933536832,32.620659583543215,5.2609141291032415,723337.593889121
8,5,1,4407,14558,1999,1,Suburban,Average,0,1,2.6943203501851394,21.45196925732678,8.222065709333442,812308.9645757641
4,4,1,652,7686,2019,1,Rural,Good,0,1,3.482522146441923,15.579791305823182,7.630172882824288,428841.9933512694
8,2,4,3464,2587,1976,2,Suburban,Poor,1,1,7.130590217233875,45.72234950749841,3.6758593856084225,528414.2734185925
8,3,3,3416,10803,1964,1,Rural,Poor,0,1,5.554506666621515,10.447336939153725,1.527064394684305,575130.9133389087
5,4,1,3300,18280,1999,0,Suburban,Good,0,1,9.042870163448754,20.079032508688627,2.28300631421446,643726.8620929433
4,4,3,2252,11350,1985,1,Suburban,Poor,0,1,6.025666006194944,47.075278245459835,8.54464705300687,439305.495075703
2,2,3,3110,19816,1957,1,Urban,Poor,1,0,4.935251902730216,21.928221579015077,7.58092437996653,556042.0506284703
3,1,4,4375,12454,1952,2,Rural,Good,0,0,7.859669711628461,28.17999059670583,6.979013600160501,593424.8120470946
3,2,2,1604,16849,2011,1,Urban,Poor,0,0,9.475863168827118,4.936506461904891,2.175839485269835,489079.7057578133
4,3,4,3036,7837,1996,3,Urban,Excellent,0,0,3.5649006533372556,39.71815295777965,6.759376187054722,680699.003733446
4,4,2,4699,2449,2010,0,Rural,Average,1,0,2.5062633395531217,21.71518007732367,7.9493709834380395,808981.7771096241
5,2,2,4354,6454,1981,2,Urban,Good,0,0,6.166011788978451,40.225241105325686,8.745415748742616,726446.2479693452
4,1,4,3994,10424,1962,0,Rural,Average,0,0,4.993739483327271,13.436084485243615,1.119081512742564,584217.7717982783
8,2,4,2414,5117,1950,3,Urban,Poor,0,1,9.891963892899186,21.701458777509092,7.1602759169063,522043.72189995006
6,5,2,3572,9869,1983,2,Rural,Poor,0,1,4.628994223635856,39.540897881885506,1.17187890042884,540303.0451906567
6,1,4,1506,11850,2011,2,Rural,Excellent,1,0,0.7525721980898552,48.72001058513835,7.361855609890947,481264.83623695665
8,3,2,906,19412,2020,1,Rural,Good,1,1,9.773916917168583,3.9216506949761745,6.7205922825880435,597339.5879421415
7,4,3,666,15343,1980,0,Suburban,Poor,0,1,8.437433586479465,40.81035269352631,2.3351307662707526,282140.7304322126
8,2,4,1008,7845,2013,3,Urban,Good,0,1,1.790718938140054,15.7337643137284,7.895095762106172,640345.6675301178
2,1,3,2161,5624,1974,3,Suburban,Good,0,1,9.047006478597565,27.986420763662537,1.6151285637072204,448408.40589307743
9,5,1,4164,9848,1987,2,Urban,Good,0,0,3.4132615400092283,15.214520982586647,8.437588963701701,887221.5376151144
1,1,3,3989,17549,1963,1,Urban,Good,0,0,3.7773487254991003,31.05882815583152,3.357363203634061,547390.0788559642
8,5,3,1180,14136,1957,2,Urban,Good,0,1,9.064850908797972,18.3363387015548,7.199666760705985,579881.17414033
4,3,2,3024,1589,2003,2,Suburban,Average,0,0,5.3058544947028,17.347129657906393,9.313204069196832,602474.9183144212
4,4,3,2620,7509,1951,2,Urban,Excellent,0,1,1.3862516646912113,2.8589773338608406,4.05844322206104,664736.4643182534
5,3,4,4857,8693,2005,2,Suburban,Good,1,0,3.6968710318246223,8.201059889286766,5.526046701463772,1017115.9525173054
8,2,2,1863,10454,2010,3,Rural,Average,1,0,7.223753488216128,45.936831744408465,5.168062305554053,403086.60412783857
5,1,1,1831,17455,1971,3,Urban,Poor,1,0,1.7501000387994872,49.91559401478907,2.418502141565813,411709.44788179774
8,5,4,2792,12708,1984,2,Urban,Good,0,0,5.906409662089524,39.24550821761071,6.312808094416855,693240.9906697143
1,5,1,2038,13942,1965,2,Rural,Poor,1,1,6.955788588114724,15.053818613900853,7.687017266688532,415553.20600285335
9,1,3,3908,17652,1999,1,Rural,Good,0,1,3.4450972196703673,20.719811783736034,9.251873460314373,886702.0145710775
6,1,4,1060,10968,1992,2,Urban,Average,0,0,6.94186808019614,37.23566929039805,8.657223414845616,427782.34095532855
3,2,4,1599,3462,1966,3,Rural,Average,1,0,8.843231444774894,48.457164287276704,5.590174417552285,250390.58475877234
8,3,1,2403,10460,2007,0,Suburban,Average,0,0,4.726446274890076,23.31808736573901,7.471154390607413,553219.8309872043
9,5,4,674,2015,1951,3,Suburban,Excellent,0,0,3.8352641885160583,41.64659834913036,8.207050720365036,424277.8548340553
6,2,4,2656,10275,1953,1,Urban,Poor,0,1,2.519072429569274,48.77837720733713,5.441398423645139,439716.78814175236
7,3,4,2730,14269,1988,3,Suburban,Excellent,0,0,6.0460127438344085,43.800185381744214,2.0388480463384098,659013.4202445669
1,2,3,4787,1406,1955,0,Suburban,Good,0,1,8.799721959906773,12.13033759179502,4.941376874626338,628501.9542139692
5,5,1,4660,8384,2018,2,Urban,Poor,0,1,3.2533660591800886,1.3935613299055238,8.582302343814083,971657.8380158074
5,1,4,4420,12268,2018,0,Rural,Average,1,0,3.9683928901276615,25.112003564032342,6.369772648543615,770357.9963955136
4,1,2,1997,18369,1969,2,Urban,Poor,0,1,4.072188920324339,27.036680753068076,7.520125393084051,486330.0662590767
6,3,2,4354,12795,2013,2,Suburban,Average,0,1,5.612515294357396,10.861267863007312,2.6674121993732878,858433.2100865716
7,4,2,3671,5485,1965,3,Urban,Excellent,0,1,2.291805526058712,14.949045205394064,9.679039913899052,895079.0510326875
9,3,2,2067,9901,2000,3,Urban,Excellent,0,1,8.223889441523966,38.492504881578796,4.6367247654397845,660430.2368997702
1,4,3,1651,3618,1986,3,Suburban,Average,1,1,2.9630667522671708,24.047015676943555,6.882719704459561,454298.9642742778
6,2,4,868,10603,2022,1,Suburban,Average,0,1,7.056573282057852,16.550350096412576,1.1698502913154474,439062.4176051433
7,2,1,542,7928,2018,3,Urban,Good,0,0,5.137025260377724,31.50867534073405,2.145873360297622,397011.6984799514
3,5,4,2407,6368,1991,1,Suburban,Excellent,0,1,5.863117057494041,32.985228042830144,8.038308428964271,604378.9328733953
8,4,3,3990,5621,2006,3,Suburban,Excellent,1,1,1.8042913008847559,38.70039306519931,9.711725009682292,911471.5376873302
5,5,2,3035,15719,2015,2,Suburban,Good,1,1,7.3528817497999235,8.678755492383038,3.880498195499304,832573.327414158
9,1,3,4673,12126,1958,1,Suburban,Excellent,0,1,1.8943189852358848,37.334345364022525,1.3346266144713836,726633.1527542921
5,4,4,3373,8566,2013,0,Suburban,Average,0,1,1.1436016398981168,30.37199121341051,4.247799417821238,656956.39878267
9,3,1,2324,13306,1971,1,Suburban,Poor,0,0,5.471328203888982,3.821021399837059,1.1572131725110237,447534.9252173814
4,1,3,1793,16086,1983,1,Rural,Poor,0,0,7.095878397807476,39.09483578441714,2.731357830362222,277227.0641456714
9,1,1,3886,18387,2004,0,Urban,Excellent,0,1,0.5098580059832197,19.77093378532607,7.772248135483646,914088.3330424142
5,3,3,3472,19850,1978,1,Suburban,Good,1,1,0.7032591962560153,17.188665782152242,9.433795582958465,826097.8062387359
9,1,1,4422,19323,1987,2,Urban,Average,0,1,8.028764835432131,22.955682427500083,1.7870417593199799,806927.4008879586
3,4,1,1492,19019,1967,3,Rural,Poor,1,1,8.092236668078247,17.962578788000325,6.0211070092945835,383150.6556503028
4,5,2,2886,10890,2020,0,Suburban,Average,0,1,2.460594123420221,17.575994018285545,3.2849276151162874,673724.6914686294
9,1,1,2740,9095,2014,3,Urban,Excellent,0,1,6.156129745974033,40.59580571733065,2.251532132145366,665544.0919883652
6,4,2,1976,13719,1950,2,Suburban,Excellent,0,0,4.437368950695149,7.100757463918921,2.9708220690240177,526252.0492467764
2,2,4,3907,11283,1953,0,Suburban,Poor,0,1,6.330633453621095,48.55940332501547,6.1998676074793675,444606.29072278796
7,4,4,889,19279,1953,3,Suburban,Excellent,0,1,8.630164048151258,28.19165057434282,1.5862105129956494,454174.0327385472
2,5,2,1499,15231,1976,3,Suburban,Good,0,1,0.8077656815767424,9.963275922644332,4.907967365515757,554972.7018201527
2,4,2,2355,15698,1992,2,Suburban,Excellent,0,1,7.782064415624658,7.429558663652639,2.2170506585964747,644330.2734093572
1,3,3,1158,18457,2008,3,Suburban,Excellent,0,1,4.935360754165183,29.983967074614146,3.4540934715503333,491297.22783229646
3,5,3,3263,6184,1981,2,Suburban,Excellent,0,0,5.645628168182345,32.01697274849947,2.716788967689375,590312.1169315756
6,2,3,4163,3402,1982,1,Rural,Average,0,0,6.542774286571031,3.5982627804607272,8.946779498478074,677492.24006939
8,3,4,1981,5895,1977,2,Rural,Average,0,1,9.227005259799782,12.907093792310505,7.372101977841606,464142.97312154877
9,4,3,4231,12404,2004,1,Suburban,Poor,0,0,0.5766323359818614,39.9776341398519,8.816163210527234,784863.9655780209
7,5,1,951,16161,2009,0,Suburban,Poor,0,0,0.3044687577232321,3.431606759432749,4.451165510929233,549550.4245561701
4,2,1,2975,10343,2019,3,Rural,Poor,0,0,1.790835197072847,42.89934453139577,3.820720283683031,435009.6545835233
6,3,3,3722,11637,2011,2,Rural,Excellent,1,1,9.864612783007097,33.24996134979034,4.425284754079904,773408.6752659843
5,2,1,2037,2956,1983,2,Rural,Average,1,0,7.153612910103979,22.286739708797036,1.166933761519667,380924.0388943197
8,4,4,3593,8023,2005,3,Suburban,Good,0,1,6.150264779354474,17.975209599574878,7.522338476337024,877556.9553474537
1,2,1,1382,15062,1962,3,Urban,Excellent,0,1,0.4799201436133315,1.9431992285958042,4.147952112055705,515319.5909443371
1,1,4,4908,15333,2005,0,Urban,Excellent,0,1,8.792311136690719,41.43553234184031,3.8199142321911252,787000.3053666513
6,3,2,4568,4907,1967,0,Urban,Excellent,1,1,8.129440964438624,7.993370844458367,6.383269588334796,842707.1120900651
2,2,2,3066,1807,2003,2,Urban,Good,0,0,6.651352438232178,16.167557601242315,4.9262492053883475,596020.143275153
5,4,2,3777,15031,1992,0,Suburban,Poor,0,1,3.39791684669218,28.886242037777386,9.827590314015087,654526.1617929855
1,4,2,874,5827,1988,1,Urban,Good,1,1,0.7143445061268906,13.053637403491457,4.206277386089212,416497.0381839692
7,2,1,4197,14699,2010,0,Rural,Poor,0,1,5.804584494130216,25.359882723857865,6.5250625798712205,705536.022080243
1,4,3,3562,5524,1991,0,Rural,Good,0,1,7.199748768893766,40.657798608196416,3.8048599054868655,520896.3285266302
4,5,1,3750,16193,1967,2,Urban,Average,0,1,0.9514611012677019,24.056358804723466,9.91535482189591,782753.5275063942
9,5,4,612,17223,1972,1,Rural,Excellent,0,0,6.341338921386974,47.499889861860204,5.005999312481153,386061.340689294
1,5,1,3697,19668,2003,0,Suburban,Excellent,1,0,2.870797018192714,42.52753039844074,6.707159297801226,754751.617081392
4,1,1,2878,6313,1979,1,Urban,Excellent,1,1,7.644799769985919,17.318922532806315,2.1404950385740937,593136.1569012578
6,2,4,2424,14598,2007,1,Urban,Poor,0,0,5.400762347512352,20.59814410461295,7.597217933772923,607552.2198299303
6,1,2,639,14058,2017,1,Suburban,Good,0,0,1.2990775102262626,21.74300962410383,3.422890520880598,443061.331469289
8,4,2,1924,18141,2016,3,Rural,Average,0,1,5.269929282855028,31.682793193301222,5.037519275467047,583513.3894135156
1,1,2,3449,5887,2020,3,Suburban,Good,0,0,3.9634112650335194,15.05299073023845,8.948197560947122,639052.9782089095
7,4,3,3668,4854,1967,3,Suburban,Excellent,0,0,1.8117561231337025,48.49320780230292,9.734972633965914,654445.8243858035
1,4,4,1016,13458,1956,3,Rural,Average,0,1,8.41674208338061,30.825526809571546,4.821148916563213,280719.581762702
7,3,4,3116,15536,1989,2,Suburban,Average,0,1,0.12017420050637065,20.570681278315543,8.513224011590498,787857.1622780509
3,5,1,1387,4558,2019,0,Rural,Excellent,0,0,3.1281614860122784,32.6054809590868,1.4801409509487469,369380.0255987676
8,4,3,3604,10772,2014,3,Rural,Good,0,1,0.13582443131257327,20.374845515955677,8.628166268112363,882151.0394817463
3,3,2,549,18345,2017,2,Suburban,Excellent,0,1,0.9691093955964656,41.07198836799152,6.665592899373847,444604.8716510296
1,5,3,4451,4575,1998,0,Rural,Good,0,1,2.9779912295390796,28.824207067034344,5.398355515524417,719278.3358742765
8,4,4,4060,3418,2001,3,Suburban,Average,0,0,0.5521691420398421,3.0565546668972834,9.00967334623523,886224.3109988344
3,4,4,518,5198,1978,0,Rural,Average,0,0,5.97033901824784,9.661086503749576,8.608035002557724,300854.4105948693
2,1,1,1973,2001,1970,3,Urban,Excellent,0,1,0.8777604507819661,43.3847046784472,3.672505863582148,367219.82017003745
1,1,1,4561,8119,1958,2,Rural,Average,0,0,7.020119204320292,28.582091491482707,8.123395441102819,496561.81893737847
3,5,4,3106,10673,1996,1,Rural,Poor,0,1,0.5358947051453397,47.566830349181345,1.8954184029613534,488817.7654103808
2,4,2,951,6316,1991,1,Suburban,Average,0,1,0.6024958590629571,4.548693330173554,8.40487541920633,426850.2393037669
2,2,2,4265,17244,2000,0,Rural,Poor,0,1,3.0602057313423305,15.467770874212722,7.079100562209255,620119.6338218888
6,1,3,2938,17806,2005,2,Urban,Average,0,1,8.966749534443082,10.483625288739058,1.7907969783874846,657707.1874631132
1,5,4,4810,12873,2000,1,Urban,Excellent,1,1,6.417518554745931,28.138174319208073,7.147721561267218,961279.7976710479
2,4,4,2049,5266,2019,3,Rural,Excellent,0,0,7.703611606369905,19.75684872291556,6.224673490087332,580623.0690992647
6,4,2,3974,8549,1969,1,Rural,Poor,0,0,1.4241055736762895,8.706403169743268,6.350950910305404,653582.5431721682
3,2,2,627,11589,1976,0,Urban,Excellent,0,1,8.342913078139986,32.4948437840178,3.617775416167287,307150.1532939222
4,5,4,3261,2657,1987,0,Suburban,Average,0,0,0.09138101946040915,27.278619924062138,3.3984748001156073,577346.6973845683
1,4,1,4956,19925,2021,2,Urban,Average,0,1,2.138442933822731,14.462076313518747,7.86281600848618,995640.6423920525
8,1,4,1915,7763,2014,0,Urban,Excellent,0,1,6.1647622882884345,24.50879653133651,3.311321329155152,638388.6264903345
7,2,4,701,4164,2003,1,Rural,Average,0,1,3.758711621854563,37.541177437018284,5.016360266289087,300527.018377868
7,5,2,2869,19437,1973,1,Rural,Good,0,1,9.84209198326845,11.058312052982268,7.253100987389063,630334.9490181446
3,2,2,1017,9479,1996,1,Urban,Good,0,1,0.31308907571499917,15.352381588384725,1.7165462619469398,416587.10455076955
3,1,1,1841,6737,2020,1,Suburban,Average,0,0,9.985995697686066,17.959438367611643,6.350935443504915,364998.1014144593
2,5,1,2488,18831,2012,2,Urban,Excellent,1,1,6.240042050284547,37.58959542285055,6.3043873538330555,796757.3139227014
1,2,3,4045,7009,2006,3,Urban,Poor,0,0,5.591482876015004,42.499207377994445,7.15805839799223,574900.7050010898
7,3,4,4302,17991,2004,3,Suburban,Excellent,1,1,0.604529301214104,19.443036325638932,4.329352857750928,1027969.3552291675
7,1,2,3775,5552,2009,2,Urban,Poor,1,0,2.7405554778922476,15.534422229861994,5.040817966574558,751403.2264199154
2,1,1,4154,19148,2011,0,Urban,Excellent,0,1,9.247380256033042,44.58289115923218,3.9697238255022427,728107.9635967237
7,1,3,2934,10417,1979,3,Rural,Average,0,0,3.54891757186055,49.96888167744126,8.273514224698982,469262.6081617434
8,3,3,707,10221,1971,0,Suburban,Good,0,0,6.619915472667837,33.84732834342815,2.1754968403251924,297257.97710095695
1,3,2,3133,3671,1978,3,Rural,Excellent,1,1,9.994968540683029,49.50905013446986,9.66658558217797,508189.59500320256
9,4,2,4617,7519,1990,0,Rural,Poor,1,1,2.638066441197076,33.33834761229359,6.713525403812956,783489.2279680322
7,2,3,653,4962,1991,2,Suburban,Good,0,0,5.765047981354793,36.93955332838342,8.982160519529582,338793.2005381178
3,4,1,3866,13734,2014,1,Suburban,Poor,1,0,6.9674135490951095,20.04414407563217,4.836083124382879,660863.730740528
